-- phpMyAdmin SQL Dump
-- version 4.5.3.1
-- http://www.phpmyadmin.net
--
-- Host: localhost
-- Generation Time: Apr 22, 2016 at 05:19 PM
-- Server version: 5.7.10
-- PHP Version: 7.0.1-1+deb.sury.org~trusty+2

SET SQL_MODE = "NO_AUTO_VALUE_ON_ZERO";
SET time_zone = "+07:00";


/*!40101 SET @OLD_CHARACTER_SET_CLIENT=@@CHARACTER_SET_CLIENT */;
/*!40101 SET @OLD_CHARACTER_SET_RESULTS=@@CHARACTER_SET_RESULTS */;
/*!40101 SET @OLD_COLLATION_CONNECTION=@@COLLATION_CONNECTION */;
/*!40101 SET NAMES utf8mb4 */;

--
-- Database: `TripOrTrick`
--

-- --------------------------------------------------------

--
-- Table structure for table `Comments`
--

CREATE TABLE `Comments` (
  `Comment_ID` int(11) NOT NULL,
  `Review_ID` int(11) NOT NULL,
  `Comment_date` datetime NOT NULL,
  `Comment_details` text COLLATE utf8_unicode_ci NOT NULL,
  `Comment_auther` int(11) NOT NULL
) ENGINE=InnoDB DEFAULT CHARSET=utf8 COLLATE=utf8_unicode_ci;

--
-- Dumping data for table `Comments`
--

INSERT INTO `Comments` (`Comment_ID`, `Review_ID`, `Comment_date`, `Comment_details`, `Comment_auther`) VALUES
(17, 12, '2016-03-17 11:33:47', 'hello world<br />\r\nhello world<br />\r\nhello world<br />\r\nhello worldhello worldhello world<br />\r\nhello world<br />\r\nhello worldhello world<br />\r\nhello worldhello world<br />\r\nvvhello world', 1),
(18, 12, '2016-03-17 11:38:40', '<div class="container"><div class="video-container">\n          <iframe width="200" height="100" src="//www.youtube.com/embed/v0EWQKWEWy4?rel=0" frameborder="0" allowfullscreen></iframe>\n      </div></div>', 3),
(19, 12, '2016-03-17 11:39:09', 'adasdas', 2),
(20, 8, '2016-03-17 11:39:55', '<img class="responsive-img" src = "http://images.entertainment.ie/images_content/rectangle/620x372/success-kid.jpg">', 1),
(21, 3, '2016-03-17 11:40:13', '<img class="responsive-img" src = "http://images.entertainment.ie/images_content/rectangle/620x372/success-kid.jpg"><br />\r\n<br />\r\nd krub', 1),
(22, 9, '2016-03-17 11:40:29', 'dddd', 2),
(23, 12, '2016-03-17 11:43:45', '2*4', 2),
(24, 12, '2016-03-17 11:43:57', 'echo "hello";', 2),
(25, 12, '2016-03-18 12:23:40', 'kkk', 3),
(26, 12, '2016-03-18 12:24:53', 'kkk2', 3),
(27, 12, '2016-03-18 12:30:14', 'asd', 3),
(28, 8, '2016-03-26 02:40:11', 'à¹€à¸ˆà¹‹à¸‡à¸„à¸±à¸š', 1),
(29, 11, '2016-04-18 03:01:57', 'sawatdee', 2),
(30, 11, '2016-04-18 03:02:17', '<div class = "center-align">comment2</div>', 2),
(31, 15, '2016-04-22 12:41:50', 'à¸™à¸µà¹ˆà¸„à¸·à¸­à¸„à¸­à¸¡à¹€à¸¡à¹‰à¸™à¸•à¹Œà¸™à¸µà¹ˆà¸„à¸·à¸­à¸„à¸­à¸¡à¹€à¸¡à¹‰à¸™à¸•à¹Œà¸™à¸µà¹ˆà¸„à¸·à¸­à¸„à¸­à¸¡à¹€à¸¡à¹‰à¸™à¸•à¹Œà¸™à¸µà¹ˆà¸„à¸·à¸­à¸„à¸­à¸¡à¹€à¸¡à¹‰à¸™à¸•à¹Œà¸™à¸µà¹ˆà¸„à¸·à¸­à¸„à¸­à¸¡à¹€à¸¡à¹‰à¸™à¸•à¹Œà¸™à¸µà¹ˆà¸„à¸·à¸­à¸„à¸­à¸¡à¹€à¸¡à¹‰à¸™à¸•à¹Œà¸™à¸µà¹ˆà¸„à¸·à¸­à¸„à¸­à¸¡à¹€à¸¡à¹‰à¸™à¸•à¹Œà¸™à¸µà¹ˆà¸„à¸·à¸­à¸„à¸­à¸¡à¹€à¸¡à¹‰à¸™à¸•à¹Œà¸™à¸µà¹ˆà¸„à¸·à¸­à¸„à¸­à¸¡à¹€à¸¡à¹‰à¸™à¸•à¹Œà¸™à¸µà¹ˆà¸„à¸·à¸­à¸„à¸­à¸¡à¹€à¸¡à¹‰à¸™à¸•à¹Œà¸™à¸µà¹ˆà¸„à¸·à¸­à¸„à¸­à¸¡à¹€à¸¡à¹‰à¸™à¸•à¹Œà¸™à¸µà¹ˆà¸„à¸·à¸­à¸„à¸­à¸¡à¹€à¸¡à¹‰à¸™à¸•à¹Œà¸™à¸µà¹ˆà¸„à¸·à¸­à¸„à¸­à¸¡à¹€à¸¡à¹‰à¸™à¸•à¹Œà¸™à¸µà¹ˆà¸„à¸·à¸­à¸„à¸­à¸¡à¹€à¸¡à¹‰à¸™à¸•à¹Œà¸™à¸µà¹ˆà¸„à¸·à¸­à¸„à¸­à¸¡à¹€à¸¡à¹‰à¸™à¸•à¹Œà¸™à¸µà¹ˆà¸„à¸·à¸­à¸„à¸­à¸¡à¹€à¸¡à¹‰à¸™à¸•à¹Œà¸™à¸µà¹ˆà¸„à¸·à¸­à¸„à¸­à¸¡à¹€à¸¡à¹‰à¸™à¸•à¹Œà¸™à¸µà¹ˆà¸„à¸·à¸­à¸„à¸­à¸¡à¹€à¸¡à¹‰à¸™à¸•à¹Œà¸™à¸µà¹ˆà¸„à¸·à¸­à¸„à¸­à¸¡à¹€à¸¡à¹‰à¸™à¸•à¹Œ', 2);

-- --------------------------------------------------------

--
-- Table structure for table `Deleted_Requests`
--

CREATE TABLE `Deleted_Requests` (
  `Request_ID` int(11) NOT NULL,
  `Deleted_Date` datetime NOT NULL,
  `Admin_ID` int(11) NOT NULL
) ENGINE=InnoDB DEFAULT CHARSET=utf8 COLLATE=utf8_unicode_ci;

-- --------------------------------------------------------

--
-- Table structure for table `DEL_COMM_Request`
--

CREATE TABLE `DEL_COMM_Request` (
  `Request_ID` int(11) NOT NULL,
  `Comment_ID` int(11) NOT NULL
) ENGINE=InnoDB DEFAULT CHARSET=utf8 COLLATE=utf8_unicode_ci;

--
-- Dumping data for table `DEL_COMM_Request`
--

INSERT INTO `DEL_COMM_Request` (`Request_ID`, `Comment_ID`) VALUES
(1, 24),
(3, 19),
(7, 26);

-- --------------------------------------------------------

--
-- Table structure for table `DEL_MEM_Request`
--

CREATE TABLE `DEL_MEM_Request` (
  `Request_ID` int(11) NOT NULL,
  `Member_ID` int(11) NOT NULL
) ENGINE=InnoDB DEFAULT CHARSET=utf8 COLLATE=utf8_unicode_ci;

--
-- Dumping data for table `DEL_MEM_Request`
--

INSERT INTO `DEL_MEM_Request` (`Request_ID`, `Member_ID`) VALUES
(5, 3);

-- --------------------------------------------------------

--
-- Table structure for table `DEL_REVIEW_Request`
--

CREATE TABLE `DEL_REVIEW_Request` (
  `Request_ID` int(11) NOT NULL,
  `Review_ID` int(11) NOT NULL
) ENGINE=InnoDB DEFAULT CHARSET=utf8 COLLATE=utf8_unicode_ci;

--
-- Dumping data for table `DEL_REVIEW_Request`
--

INSERT INTO `DEL_REVIEW_Request` (`Request_ID`, `Review_ID`) VALUES
(2, 12),
(6, 12);

-- --------------------------------------------------------

--
-- Table structure for table `Hot_reviews`
--

CREATE TABLE `Hot_reviews` (
  `Num` int(11) NOT NULL,
  `Review_ID` int(11) DEFAULT NULL
) ENGINE=InnoDB DEFAULT CHARSET=utf8 COLLATE=utf8_unicode_ci;

--
-- Dumping data for table `Hot_reviews`
--

INSERT INTO `Hot_reviews` (`Num`, `Review_ID`) VALUES
(3, 8),
(4, 9),
(2, 11),
(1, 12);

-- --------------------------------------------------------

--
-- Table structure for table `Members`
--

CREATE TABLE `Members` (
  `ID` int(11) NOT NULL,
  `Username` varchar(20) COLLATE utf8_unicode_ci NOT NULL,
  `Pass` varchar(32) COLLATE utf8_unicode_ci NOT NULL,
  `sex` varchar(6) COLLATE utf8_unicode_ci NOT NULL,
  `Picture` varchar(128) COLLATE utf8_unicode_ci DEFAULT NULL,
  `Email` varchar(40) COLLATE utf8_unicode_ci NOT NULL,
  `Name` varchar(20) COLLATE utf8_unicode_ci NOT NULL,
  `Surname` varchar(20) COLLATE utf8_unicode_ci NOT NULL,
  `Birthdate` date NOT NULL,
  `isAdmin` tinyint(4) NOT NULL
) ENGINE=InnoDB DEFAULT CHARSET=utf8 COLLATE=utf8_unicode_ci;

--
-- Dumping data for table `Members`
--

INSERT INTO `Members` (`ID`, `Username`, `Pass`, `sex`, `Picture`, `Email`, `Name`, `Surname`, `Birthdate`, `isAdmin`) VALUES
(1, 'nuntjw', 'babb2b837239487f8cf2c5d4cc1adc61', 'Male', 'https://pbs.twimg.com/profile_images/1717956431/BP-headshot-fb-profile-photo_400x400.jpg', 'nunt_504@hotmail.com', 'Nunt', 'Jensathienwong', '2538-07-17', 0),
(2, 'admin', '81dc9bdb52d04dc20036dbd8313ed055', 'Female', 'http://thumbs.dreamstime.com/z/sea-captain-16200769.jpg', 'me@mail.com', 'Nunt', 'Jensathienwong', '1995-07-17', 1),
(3, 'user1', '5f4dcc3b5aa765d61d8327deb882cf99', 'Male', 'imgs/visitor.jpg', 'asdas@mauk', 'username', 'usersurname', '2016-03-04', 0);

-- --------------------------------------------------------

--
-- Table structure for table `Requests`
--

CREATE TABLE `Requests` (
  `Request_ID` int(11) NOT NULL,
  `Reason` text COLLATE utf8_unicode_ci NOT NULL,
  `Request_Status` tinyint(4) NOT NULL DEFAULT '0',
  `Request_Date` datetime NOT NULL,
  `Member_ID` int(11) NOT NULL
) ENGINE=InnoDB DEFAULT CHARSET=utf8 COLLATE=utf8_unicode_ci;

--
-- Dumping data for table `Requests`
--

INSERT INTO `Requests` (`Request_ID`, `Reason`, `Request_Status`, `Request_Date`, `Member_ID`) VALUES
(1, 'asd', 0, '2016-04-13 11:54:02', 1),
(2, 'à¸¥à¸šà¸£à¸µà¸§à¸´à¸§à¸«à¸™à¹ˆà¸­à¸¢à¸„à¸±à¸š', 0, '2016-04-13 12:00:12', 1),
(3, 'à¸¥à¸šà¸„à¸­à¸¡à¹€à¸¡à¹‰à¸™à¸™à¸µà¹ˆ', 0, '2016-04-13 12:02:55', 1),
(4, 'asd', 0, '2016-04-16 11:11:56', 2),
(5, 'delete member', 0, '2016-04-16 11:14:54', 2),
(6, 'deleteee', 0, '2016-04-16 11:20:20', 2),
(7, 'deleteee comment plssssss', 0, '2016-04-16 11:20:35', 2);

-- --------------------------------------------------------

--
-- Table structure for table `Reviews`
--

CREATE TABLE `Reviews` (
  `ID` int(11) NOT NULL,
  `Auther_ID` int(4) NOT NULL,
  `Category` int(1) NOT NULL COMMENT '1 - 4 (เมือง,  บนดอย, ทะเล, ร้านอาหาร)',
  `Review_topic` varchar(256) COLLATE utf8_unicode_ci NOT NULL,
  `Review_content` text COLLATE utf8_unicode_ci NOT NULL,
  `Review_picture` varchar(128) COLLATE utf8_unicode_ci NOT NULL,
  `Review_date` datetime NOT NULL,
  `edit` varchar(100) COLLATE utf8_unicode_ci DEFAULT NULL
) ENGINE=InnoDB DEFAULT CHARSET=utf8 COLLATE=utf8_unicode_ci;

--
-- Dumping data for table `Reviews`
--

INSERT INTO `Reviews` (`ID`, `Auther_ID`, `Category`, `Review_topic`, `Review_content`, `Review_picture`, `Review_date`, `edit`) VALUES
(1, 2, 1, 'à¸«à¸±à¸§à¸‚à¹‰à¸­', 'à¸‚à¹‰à¸­à¸¡à¸¹à¸¥', 'imgs/bg-test.jpg', '2558-02-16 20:10:23', NULL),
(2, 2, 3, 'topic2', 'content', 'imgs/bg-test.jpg', '2558-02-16 20:10:23', NULL),
(3, 1, 2, 'topic3', 'content 3', 'imgs/bg-test.jpg', '2558-02-17 18:10:23', NULL),
(4, 1, 3, 'review 4', 'comment 4', 'imgs/bg-test.jpg', '2016-02-18 17:23:19', NULL),
(5, 1, 4, 'review 5', 'content 5', 'imgs/bg-test.jpg', '2016-02-20 02:42:12', NULL),
(6, 1, 2, 'review 6', 'content 6', 'imgs/bg-test.jpg', '2016-02-20 02:42:24', NULL),
(7, 2, 1, '[CR][CR] Wall Art - Wall Street à¸à¹‡à¸¡à¸µà¹ƒà¸™à¸à¸£à¸¸à¸‡à¹€à¸—à¸ž à¹„à¸¡à¹ˆà¸•à¹‰à¸­à¸‡à¹„à¸›à¹„à¸à¸¥à¸–à¸¶à¸‡à¸›à¸µà¸™à¸±à¸‡', 'à¸§à¸±à¸™à¸«à¸¢à¸¸à¸”à¸ªà¸±à¸›à¸”à¸²à¸«à¹Œà¸™à¸µà¹‰à¹„à¸¡à¹ˆà¹„à¸”à¹‰à¸­à¸­à¸à¸•à¸ˆà¸§. à¹à¸•à¹ˆà¹€à¸žà¸·à¹ˆà¸­à¸™à¸¡à¸²à¸ˆà¸²à¸à¸„à¸­à¸™à¸«à¸§à¸±à¸™à¹€à¸¥à¸²à¸§à¹ˆà¸²à¸ˆà¸°à¸žà¸²à¹€à¸”à¸´à¸™à¸•à¸°à¸¥à¸­à¸™à¸—à¸±à¹ˆà¸§à¸–à¸™à¸™à¹€à¸ˆà¸£à¸´à¸à¸à¸£à¸¸à¸‡à¹€à¸žà¸·à¹ˆà¸­à¸«à¸²à¸£à¸¹à¸› wall art à¸•à¸²à¸¡à¹à¸œà¸™à¸—à¸µà¹ˆà¸¥à¸²à¸¢à¹à¸—à¸‡à¸—à¸µà¹ˆà¹€à¸„à¸¢à¸¡à¸µà¸„à¸™à¸¥à¸‡à¹„à¸§à¹‰ à¹ƒà¸Šà¹‰à¹€à¸§à¸¥à¸²à¸•à¸±à¹‰à¸‡à¹à¸•à¹ˆ 11 à¹‚à¸¡à¸‡à¸ˆà¸™à¸–à¸¶à¸‡ 16:00 à¸™. <br />\r\nà¸žà¸­à¸”à¸´à¸šà¸žà¸­à¸”à¸µ à¹€à¸£à¸´à¹ˆà¸¡à¸•à¹‰à¸™à¸ˆà¸²à¸à¸ªà¸°à¸žà¸²à¸™à¸•à¸²à¸à¸ªà¸´à¸™à¸‚à¹‰à¸²à¸‡à¹‚à¸£à¸‡à¹à¸£à¸¡à¹à¸Šà¸‡à¹€à¸à¸­à¸£à¸µà¸¥à¹ˆà¸²à¸•à¸£à¸‡à¸™à¸µà¹‰à¸ˆà¸°à¸¡à¸µ Wall Art à¸£à¸¹à¸›à¸¡à¸·à¸­à¸ªà¸µà¸Šà¸¡à¸žà¸¹à¸”à¸ªà¸”à¹ƒà¸ª à¹ƒà¸«à¹‰à¹€à¸£à¸²à¹„à¸”à¹‰à¹€à¸£à¸´à¹ˆà¸¡à¸•à¹‰à¸™à¸–à¹ˆà¸²à¸¢à¸£à¸¹à¸›à¸à¸±à¸™ à¸•à¸´à¸”à¹à¸„à¹ˆà¸§à¹ˆà¸² à¹‚à¸Šà¸„à¸”à¸µà¸«à¸™à¹ˆà¸­à¸¢à¸à¹‡à¸ˆà¸°à¹„à¹ˆà¸¡à¹ˆà¸¡à¸µà¸£à¸–à¸ˆà¸­à¸”à¸‚à¸§à¹‰à¸²à¸‡ à¹‚à¸Šà¸„à¸£à¹‰à¸²à¸¢à¸à¹‡....à¹‚à¸”à¸™à¸£à¸–à¸šà¸±à¸‡à¸ªà¸´à¸„à¸°<br />\r\n<img class="responsive-img" src = "http://f.ptcdn.info/712/040/000/o3nk1vieyjqBwC02sjr-o.jpg"><br />\r\nà¸à¹ˆà¸­à¸™à¸ˆà¸°à¹€à¸”à¸´à¸™à¸—à¸²à¸‡à¹€à¸à¹‡à¸š Wall Art à¸•à¹ˆà¸­ à¸à¸­à¸‡à¸—à¸±à¸žà¸•à¹‰à¸­à¸‡à¹€à¸”à¸´à¸™à¸”à¹‰à¸§à¸¢à¸—à¹‰à¸­à¸‡ à¸„à¸“à¸°à¹€à¸£à¸²à¸ˆà¸¶à¸‡à¹à¸§à¸°à¸—à¸²à¸™à¸­à¸²à¸«à¸²à¸£à¸­à¸´à¸ªà¸¥à¸²à¸¡à¸Šà¸·à¹ˆà¸­à¸”à¸±à¸‡à¸‚à¸­à¸‡à¸¢à¹ˆà¸²à¸™à¸šà¸²à¸‡à¸£à¸±à¸ à¸‹à¸¶à¹ˆà¸‡à¸¡à¸µà¸­à¸²à¸¢à¸¸à¸¡à¸²à¸à¸à¸§à¹ˆà¸² 70 à¸›à¸µ à¹‚à¸­à¹‰à¸žà¸£à¸°à¹€à¸ˆà¹‰à¸²à¸­à¸²à¸¢à¸¸à¹€à¸à¸·à¸­à¸šà¹€à¸—à¹ˆà¸²à¸­à¸²à¸¡à¹ˆà¸²à¹€à¸„à¹‰à¸²à¹€à¸¥à¸¢ à¸ªà¸™à¸™à¸£à¸²à¸„à¸²à¸‚à¸­à¸‡à¸¡à¸·à¹‰à¸­à¸™à¸µà¹‰ 300 à¸šà¸²à¸—à¸–à¹‰à¸§à¸™<br />\r\n<img class="responsive-img" src = "http://f.ptcdn.info/713/040/000/o3nkecg84obm2tyumV3-o.jpg"><br />\r\nà¸«à¸¥à¸±à¸‡à¸ˆà¸²à¸à¸­à¸´à¹ˆà¸¡à¸—à¹‰à¸­à¸‡à¸à¸±à¸™à¹à¸¥à¹‰à¸§à¸à¹‡à¸­à¸­à¸à¹€à¸”à¸´à¸™à¸—à¸²à¸‡à¸•à¸²à¸¡à¸¥à¹ˆà¸² Wall Art à¸à¸±à¸™à¸•à¹ˆà¸­à¹à¸•à¹ˆà¸à¹ˆà¸­à¸™à¸ˆà¸°à¸–à¸¶à¸‡à¸žà¸§à¸à¹€à¸£à¸²à¹à¸§à¸°à¹„à¸›à¸–à¹ˆà¸²à¸¢à¸£à¸¹à¸›à¸ªà¸§à¸¢ à¹† à¸—à¸µà¹ˆà¹‚à¸šà¸–à¸ªà¹Œà¸‚à¸­à¸‡à¹‚à¸£à¸‡à¹€à¸£à¸µà¸¢à¸™à¸­à¸±à¸à¸ªà¸±à¸¡à¸Šà¸±à¸à¸à¹‡à¹„à¸”à¹‰à¸«à¸¥à¸²à¸¢à¸£à¸¹à¸›à¸­à¸¢à¸¹à¹ˆ<br />\r\n<img class="responsive-img" src = "http://f.ptcdn.info/713/040/000/o3nkm4lhd3ImIFn1Q4x-o.jpg"><br />\r\n<img class="responsive-img" src = "http://f.ptcdn.info/713/040/000/o3nkoc5xn4nv19KGbju-o.jpg"><br />\r\n<img class="responsive-img" src = "http://f.ptcdn.info/713/040/000/o3nkmrc0hW4kBHwL5SW-o.jpg"><br />\r\nà¸ˆà¸²à¸à¸™à¸±à¹‰à¸™à¹€à¸”à¸´à¸™à¸‚à¹‰à¸²à¸¡à¸–à¸™à¸™à¹„à¸›à¸—à¸µà¹ˆà¹à¸¢à¸à¸¡à¹€à¸«à¸ªà¸±à¸à¸‚à¹Œà¹€à¸žà¸·à¹ˆà¸­à¸–à¹ˆà¸²à¸¢à¸£à¸¹à¸› wall art à¸šà¸™à¸à¸³à¹à¸žà¸‡à¸ªà¸¹à¸‡à¹ƒà¸«à¸à¹ˆ (à¸‹à¸¶à¹ˆà¸‡à¹„à¸¡à¹ˆà¹‚à¸­à¹€à¸„à¹€à¸žà¸£à¸²à¸°à¸žà¸·à¹‰à¸™à¸—à¸µà¹ˆà¸‚à¹‰à¸²à¸‡ à¹† à¹€à¸›à¸‡à¸žà¸·à¹‰à¸™à¸—à¸µà¹ˆà¹€à¸›à¸¥à¹ˆà¸²à¹à¸¥à¸°à¸–à¸¹à¸à¸¥à¹‰à¸­à¸¡à¸£à¸±à¹‰à¸§à¹„à¸§à¹‰à¸—à¸³à¹ƒà¸«à¹‰à¸–à¹ˆà¸²à¸¢à¸ à¸²à¸žà¹„à¸¡à¹ˆà¸–à¸™à¸±à¸”) <br />\r\n<img class="responsive-img" src = "http://f.ptcdn.info/713/040/000/o3nksf85wS1IuwkwApy-o.jpg"><br />\r\nà¸ˆà¸²à¸à¸™à¸±à¹‰à¸™à¸™à¸±à¹ˆà¸‡à¸£à¸–à¹€à¸¡à¸¥à¹Œà¸Ÿà¸£à¸µà¸ªà¸²à¸¢ 45 à¹€à¸žà¸·à¹ˆà¸­à¸¡à¸²à¸¥à¸‡à¸«à¸™à¹‰à¸²à¹„à¸›à¸£à¸©à¸“à¸µà¸¢à¹Œà¸à¸¥à¸²à¸‡à¹€à¸žà¸·à¹ˆà¸­à¹€à¸”à¸´à¸™à¹€à¸‚à¹‰à¸²à¸‹à¸­à¸¢à¹€à¸ˆà¸£à¸´à¸¨à¸™à¸„à¸£32à¹ƒà¸™à¸‹à¸­à¸¢à¸™à¸µà¹‰ (à¹€à¸”à¸´à¸™à¹„à¸›à¸›à¸£à¸°à¸¡à¸²à¸“à¸à¸¥à¸²à¸‡à¸‹à¸­à¸¢) à¸¡à¸µà¸£à¸¹à¸›wall artà¸«à¸¥à¸²à¸¢à¸£à¸¹à¸›à¹à¸•à¹ˆà¸•à¹‰à¸­à¸‡à¹€à¸ªà¸µà¹ˆà¸¢à¸‡à¸”à¸§à¸‡à¹€à¸­à¸²à¹€à¸žà¸£à¸²à¸°à¸žà¸µà¹ˆà¹†taxià¹à¸¥à¸°à¸•à¸¸à¹Šà¸à¹†à¸¡à¸±à¸à¸ˆà¸°à¸ˆà¸­à¸”à¸£à¸–à¸‚à¸§à¸²à¸‡à¸£à¸¹à¸› wall artà¸•à¹ˆà¸²à¸‡à¹†à¹„à¸§à¹‰à¸–à¹‰à¸²à¹‚à¸Šà¸„à¸”à¸µà¹€à¸„à¹‰à¸²à¸à¸°à¸ˆà¸°à¸¡à¸²à¸¢à¹‰à¸²à¸¢à¹ƒà¸«à¹‰  à¹‚à¸Šà¸„à¸£à¹‰à¸²à¸¢à¸à¸°à¸•à¹‰à¸­à¸‡à¸¢à¸·à¸¡taxià¹à¸¥à¸°à¸•à¸¸à¹Šà¸à¹†à¸¡à¸²à¸›à¸£à¸°à¸à¸­à¸šà¸‰à¸²à¸.. à¸ªà¸§à¸¢à¹„à¸›à¸­à¸µà¸à¹à¸šà¸š<br />\r\n<img class="responsive-img" src = "http://f.ptcdn.info/713/040/000/o3nktadcxhbv3AcVBJF-o.jpg"><br />\r\n<img class="responsive-img" src = "http://f.ptcdn.info/713/040/000/o3nkts85jGk3Zx4Uf16-o.jpg"><br />\r\nCREDIT http://pantip.com/topic/34880422<br>', 'http://f.ptcdn.info/712/040/000/o3nk1vieyjqBwC02sjr-o.jpg', '2016-03-07 09:52:09', NULL),
(8, 1, 1, '[CR]Gran Paradiso, à¸•à¸µà¸™à¸«à¹‰à¸²à¸¡à¹€à¸ˆà¹‡à¸š à¸•à¸±à¸§à¸«à¹‰à¸²à¸¡à¸Šà¸² à¸‚à¸²à¸«à¹‰à¸²à¸¡à¸«à¸¢à¸¸à¸”à¹€à¸”à¸´à¸™', '<img class="responsive-img" src = "http://f.ptcdn.info/706/040/000/o3mtdcj8w9E6TnvoI82-o.jpg"><br />\r\nà¸ à¸¹à¹€à¸‚à¸²à¹à¸¡à¹ˆà¸¡ à¹€à¸¥à¹ˆà¸™à¹€à¸£à¸²à¹à¸¥à¹‰à¸§à¹„à¸‡.<br />\r\n      <br />\r\n      à¸„à¸³à¸žà¸¹à¸”à¸—à¸µà¹ˆà¸Šà¸§à¸™à¹ƒà¸«à¹‰à¸«à¸¥à¸‡à¸„à¸´à¸”à¹„à¸›à¸§à¹ˆà¸²à¸•à¸±à¸§à¹€à¸­à¸‡à¹€à¸›à¹‡à¸™à¸‹à¸±à¸™à¸™à¸µà¹ˆà¸ˆà¸²à¸à¸«à¸™à¸±à¸‡à¹€à¸£à¸·à¹ˆà¸­à¸‡à¸”à¸±à¸‡à¸‚à¸­à¸‡ GTH â€œà¸Ÿà¸£à¸µà¹à¸¥à¸™à¸‹à¹Œ  à¸«à¹‰à¸²à¸¡à¸›à¹ˆà¸§à¸¢ à¸«à¹‰à¸²à¸¡à¸žà¸±à¸ à¸«à¹‰à¸²à¸¡à¸£à¸±à¸à¸«à¸¡à¸­â€  à¹à¸•à¹ˆà¹ƒà¸™à¸„à¸§à¸²à¸¡à¹€à¸›à¹‡à¸™à¸ˆà¸£à¸´à¸‡à¸™à¸­à¸à¸ˆà¸²à¸à¸ˆà¸°à¹„à¸¡à¹ˆà¸¡à¸µà¹ƒà¸«à¸¡à¹ˆ à¸”à¸²à¸§à¸´à¸à¸² à¸«à¸£à¸·à¸­à¸§à¸µ à¸§à¸´à¹‚à¸­à¹€à¸¥à¸•à¸¡à¸²à¹ƒà¸«à¹‰à¸à¸³à¸¥à¸±à¸‡à¹ƒà¸ˆà¸­à¸¢à¸¹à¹ˆà¸‚à¹‰à¸²à¸‡à¹†à¹à¸¥à¹‰à¸§  à¹ƒà¸™à¸«à¸™à¸±à¸‡à¸•à¸­à¸™à¸—à¸µà¹ˆà¸žà¸µà¹ˆà¸‹à¸±à¸™à¸™à¸µà¹ˆà¹à¸à¸—à¸³à¸‡à¸²à¸™à¸«à¸™à¸±à¸à¸ˆà¸™à¸§à¸¹à¸šà¸«à¸±à¸§à¸™à¹‡à¸­à¸„à¸žà¸·à¹‰à¸™à¹€à¸à¸·à¸­à¸šà¸•à¸²à¸¢ à¸™à¸²à¸‡à¸à¹‡à¸¢à¸±à¸‡à¸Ÿà¸·à¹‰à¸™à¸à¸¥à¸±à¸šà¸¡à¸²à¹„à¸”à¹‰à¹à¸šà¸šà¸„à¸¹à¸¥à¹†  à¹à¸•à¹ˆà¸Šà¸µà¸§à¸´à¸•à¸ˆà¸£à¸´à¸‡à¸‚à¸­à¸‡à¹€à¸£à¸² à¸“ à¸™à¸²à¸—à¸µà¸™à¸µà¹‰à¸ˆà¸°à¹„à¸”à¹‰à¸¥à¸‡à¹„à¸›à¸ˆà¸²à¸à¸ à¸¹à¹€à¸‚à¸²à¸¥à¸¹à¸à¸™à¸µà¹‰à¸­à¸¢à¹ˆà¸²à¸‡à¸›à¸¥à¸­à¸”à¸ à¸±à¸¢à¸£à¸¶à¹€à¸›à¸¥à¹ˆà¸²à¸¢à¸±à¸‡à¹„à¸¡à¹ˆà¸£à¸¹à¹‰à¹€à¸¥à¸¢ à¹„à¸¡à¹ˆà¸•à¹‰à¸­à¸‡à¹„à¸›à¸žà¸¹à¸”à¸–à¸¶à¸‡à¸„à¸§à¸²à¸¡à¹€à¸—à¹ˆà¸„à¸§à¸²à¸¡à¸„à¸¹à¸¥à¸™à¸±à¹‰à¸™ à¸ªà¸¥à¸±à¸”à¸—à¸´à¹‰à¸‡à¹„à¸›à¸•à¸±à¹‰à¸‡à¹à¸•à¹ˆ2à¸Šà¸±à¹ˆà¸§à¹‚à¸¡à¸‡à¹à¸£à¸à¸—à¸µà¹ˆà¹€à¸£à¸´à¹ˆà¸¡à¹€à¸”à¸´à¸™à¸¥à¸°à¸„à¹ˆà¸°!!<br />\r\nà¹à¸à¸£à¸™à¸”à¹Œ à¸žà¸²à¸£à¸²à¸”à¸´à¸ªà¹‚à¸‹à¹ˆ, à¸•à¸µà¸™à¸«à¹‰à¸²à¸¡à¹€à¸ˆà¹‡à¸š à¸•à¸±à¸§à¸«à¹‰à¸²à¸¡à¸Šà¸² à¸‚à¸²à¸«à¹‰à¸²à¸¡à¸«à¸¢à¸¸à¸”à¹€à¸”à¸´à¸™<br />\r\n      <br />\r\n      à¸„à¸§à¸²à¸¡à¸„à¸´à¸”à¹€à¸£à¸·à¹ˆà¸­à¸‡à¸à¸²à¸£à¹€à¸­à¸²à¸•à¸±à¸§à¹€à¸‚à¹‰à¸²à¹„à¸›à¸¥à¸³à¸šà¸²à¸à¸™à¸µà¹ˆà¹€à¸›à¹‡à¸™à¸ªà¸´à¹ˆà¸‡à¸—à¸µà¹ˆà¹€à¸£à¸²à¸–à¸™à¸±à¸”à¸¡à¸²à¸ à¹„à¸¡à¹ˆà¸£à¸¹à¹‰à¸—à¸³à¹„à¸¡ à¸­à¸¢à¸¹à¹ˆà¹€à¸‰à¸¢à¹†à¸ªà¸šà¸²à¸¢à¹†à¹„à¸¡à¹ˆà¸„à¹ˆà¸­à¸¢à¸Šà¸­à¸š à¸ˆà¸°à¹„à¸›à¹€à¸—à¸µà¹ˆà¸¢à¸§à¹„à¸«à¸™à¸•à¹‰à¸­à¸‡à¸„à¸­à¸¢à¹€à¸ªà¸²à¸°à¸«à¸²à¸ à¸¹à¹€à¸‚à¸²à¹„à¸›à¹€à¸”à¸´à¸™à¹€à¸—à¸£à¸¥ à¸«à¸²à¸—à¸³à¹€à¸¥à¹„à¸›à¹€à¸—à¸£à¸„à¸à¸´à¹‰à¸‡ à¸Šà¹ˆà¸§à¸‡à¸§à¹ˆà¸²à¸‡à¹†à¸à¹‡à¸•à¹‰à¸­à¸‡à¸”à¸´à¹‰à¸™à¸£à¸™à¸«à¸²à¸—à¸£à¸´à¸›à¹„à¸›à¹€à¸”à¸´à¸™à¹„à¸›à¸„à¹‰à¸²à¸‡à¹ƒà¸™à¸›à¹ˆà¸²à¹€à¸‚à¸²à¹ƒà¸«à¹‰à¹„à¸”à¹‰ à¸«à¸¥à¸²à¸¢à¹†à¸„à¸£à¸±à¹‰à¸‡à¸à¹‡à¸ˆà¸°à¹„à¸”à¹‰à¸Ÿà¸´à¸™à¹„à¸›à¸à¸±à¸šà¸˜à¸£à¸£à¸¡à¸Šà¸²à¸•à¸´à¸—à¸µà¹ˆà¸ªà¸§à¸¢à¸‡à¸²à¸¡à¹€à¸¥à¸´à¸¨à¹€à¸¥à¸­à¸­à¸¥à¸±à¸‡à¸à¸²à¸£ à¹à¸¡à¹‰à¸ˆà¸°à¸•à¹‰à¸­à¸‡à¹à¸¥à¸à¸¡à¸²à¸”à¹‰à¸§à¸¢à¸„à¸§à¸²à¸¡à¸¥à¸³à¸šà¸²à¸à¹à¸¥à¸°à¸­à¸²à¸à¸²à¸£à¸›à¸§à¸”à¹€à¸¡à¸·à¹ˆà¸­à¸¢à¹„à¸›à¸­à¸µà¸à¸«à¸¥à¸²à¸¢à¸§à¸±à¸™à¸à¹‡à¸•à¸²à¸¡ à¹à¸•à¹ˆà¸šà¸²à¸‡à¸„à¸£à¸±à¹‰à¸‡à¹„à¸­à¹‰à¸„à¸§à¸²à¸¡à¹à¸£à¸”à¸­à¸¢à¸²à¸à¸­à¸¢à¸¹à¹ˆà¸—à¹ˆà¸²à¸¡à¸à¸¥à¸²à¸‡à¸˜à¸£à¸£à¸¡à¸Šà¸²à¸•à¸´à¸¡à¸±à¸™à¸à¹‡à¸¥à¹‰à¸™à¸—à¸°à¸¥à¸¸à¸¡à¸´à¹€à¸•à¸­à¸£à¹Œà¸ˆà¸™à¸—à¸³à¹€à¸­à¸²à¹€à¸à¸·à¸­à¸šà¸•à¸²à¸¢à¸¡à¸²à¹à¸¥à¹‰à¸§à¸ˆà¸£à¸´à¸¡à¹†  à¸Šà¹ˆà¸§à¸‡à¸«à¸™à¹‰à¸²à¸£à¹‰à¸­à¸™à¸›à¸µ2014 à¹€à¸£à¸²à¸à¸±à¸šà¹€à¸žà¸·à¹ˆà¸­à¸™à¹†à¹„à¸”à¹‰à¸ˆà¸±à¸”à¸—à¸£à¸´à¸›à¹„à¸›à¹à¸šà¸„à¹à¸žà¸„à¸¢à¸¸à¹‚à¸£à¸›à¸à¸±à¸™ 2 à¸­à¸²à¸—à¸´à¸•à¸¢à¹Œ à¹à¸¥à¸°à¸”à¹‰à¸§à¸¢à¸„à¸§à¸²à¸¡à¸—à¸µà¹ˆà¹ƒà¸à¹ˆà¸à¸±à¸™à¸­à¸¢à¸²à¸à¸‚à¸¶à¹‰à¸™à¸ à¸¹à¹€à¸‚à¸²à¸«à¸´à¸¡à¸°à¸¡à¸²à¸™à¸²à¸™ à¸à¹‡à¸¥à¸‡à¸¡à¸·à¸­à¹€à¸ªà¸´à¸£à¹Œà¸Šà¸à¸¹à¹€à¸à¸´à¹‰à¸¥à¸£à¸±à¸§à¹† à¸ˆà¸™à¹„à¸”à¹‰à¹€à¸ˆà¸­à¸à¸±à¸šà¸—à¸£à¸´à¸›à¸—à¸µà¹ˆà¸•à¸­à¸šà¹‚à¸ˆà¸—à¸¢à¹Œà¹€à¸£à¸²à¹„à¸”à¹‰à¸žà¸­à¸”à¸µà¸„à¸·à¸­ à¹ƒà¸Šà¹‰à¹€à¸§à¸¥à¸²à¹„à¸¡à¹ˆà¸¡à¸²à¸ à¸­à¸¢à¸¹à¹ˆà¹ƒà¸à¸¥à¹‰à¹†à¹€à¸¡à¸·à¸­à¸‡à¸Šà¸²à¹‚à¸¡à¹€à¸™à¹ˆ,à¸à¸£à¸±à¹ˆà¸‡à¹€à¸¨à¸© à¹à¸¥à¸°à¹€à¸¥à¹€à¸§à¸¥à¸„à¸§à¸²à¸¡à¸¢à¸²à¸à¹„à¸¡à¹ˆà¸¡à¸²à¸à¹€à¸à¸´à¸™à¹„à¸›à¸™à¸±à¸ à¸„à¸¸à¸“à¸ªà¸¡à¸šà¸±à¸•à¸´à¹€à¸›à¹Šà¸°à¸—à¸¸à¸à¸›à¸£à¸°à¸à¸²à¸£à¸à¹‡à¸ªà¸¡à¸±à¸„à¸£à¹€à¸¥à¸¢à¸ˆà¹‰à¸² <br />\r\n     <br />\r\n      à¹€à¸›à¹‡à¸™à¸—à¸£à¸´à¸›à¸›à¸µà¸™à¸¢à¸­à¸”à¹€à¸‚à¸²à¸«à¸´à¸¡à¸°(à¸ªà¹ˆà¸§à¸™à¸«à¸™à¸¶à¹ˆà¸‡à¸‚à¸­à¸‡à¹€à¸—à¸·à¸­à¸à¹€à¸‚à¸²à¹à¸­à¸¥à¸›à¹Œ)à¸Šà¸·à¹ˆà¸­à¸§à¹ˆà¸² à¹à¸à¸£à¸™à¸”à¹Œ à¸žà¸²à¸£à¸²à¸”à¸´à¸ªà¹‚à¸‹à¹ˆ à¸­à¸¢à¸¹à¹ˆà¹à¸–à¸§à¸Šà¸²à¸¢à¹à¸”à¸™à¸£à¸°à¸«à¸§à¹ˆà¸²à¸‡à¸›à¸£à¸°à¹€à¸—à¸¨à¸­à¸´à¸•à¸²à¸¥à¸µà¸à¸±à¸šà¸à¸£à¸±à¹ˆà¸‡à¹€à¸¨à¸© à¸¢à¸­à¸”à¹€à¸‚à¸²à¸™à¸µà¹‰à¸ªà¸¹à¸‡à¸à¸§à¹ˆà¸² 4000 à¹€à¸¡à¸•à¸£ à¹à¸¥à¸°à¸•à¸²à¸¡à¹à¸žà¸¥à¸™à¸—à¸µà¹ˆà¹€à¸„à¹‰à¸²à¸§à¸²à¸‡à¸¡à¸²à¹ƒà¸«à¹‰ à¹€à¸£à¸²à¸ˆà¸°à¹ƒà¸Šà¹‰à¹€à¸§à¸¥à¸²à¹à¸„à¹ˆà¸ªà¸­à¸‡à¸§à¸±à¸™à¹ƒà¸™à¸à¸²à¸£à¸›à¹ˆà¸²à¸¢à¸›à¸µà¸™à¸à¹ˆà¸²à¸«à¸´à¸¡à¸°à¸‚à¸¶à¹‰à¸™à¹„à¸› à¹‚à¸”à¸¢à¹„à¸›à¸à¸±à¸™à¹€à¸›à¹‡à¸™à¸à¸¥à¸¸à¹ˆà¸¡à¹€à¸¥à¹‡à¸à¹†à¸™à¸³à¸—à¸²à¸‡à¹‚à¸”à¸¢à¹„à¸à¸”à¹Œà¸ªà¸²à¸§(?)à¸œà¸¹à¹‰à¹€à¸Šà¸µà¹ˆà¸¢à¸§à¸Šà¸²à¸  à¸›à¸±à¸à¸«à¸²à¸„à¸·à¸­à¸žà¸­à¹€à¸£à¸²à¹€à¸­à¸²à¹„à¸­à¹€à¸”à¸µà¸¢à¹à¸ªà¸™à¹€à¸¥à¸´à¸¨à¸™à¸µà¹‰à¹„à¸›à¹€à¸ªà¸™à¸­à¹€à¸žà¸·à¹ˆà¸­à¸™à¹† à¸—à¸¸à¸à¸„à¸™à¹€à¸‹à¸¢à¹Œà¸šà¸²à¸¢à¸«à¸¡à¸” à¸ªà¹ˆà¸²à¸¢à¸«à¸™à¹‰à¸²à¸«à¸™à¸µà¹à¸–à¸¡à¸”à¹ˆà¸²à¸§à¹ˆà¸²     (à¸¡à¸¸à¸‡)à¸ˆà¸°à¸«à¸²à¹€à¸£à¸·à¹ˆà¸­à¸‡à¸¥à¸³à¸šà¸²à¸à¹„à¸›à¸–à¸¶à¸‡à¹„à¸«à¸™ à¸žà¸§à¸à¸à¸¹à¸ˆà¸°à¹„à¸›à¸¢à¸¸à¹‚à¸£à¸›à¹à¸šà¸šà¸ªà¸§à¸¢à¹†à¸à¸±à¸™à¹‚à¸§à¹‰à¸¢!!  à¹€à¸ˆà¸­à¹€à¸žà¸·à¹ˆà¸­à¸™à¸žà¸¹à¸”à¹à¸šà¸šà¸™à¸µà¹‰à¹€à¸£à¸²à¸à¹‡à¹„à¸¡à¹ˆà¸£à¸­à¸Šà¹‰à¸² à¸£à¸µà¸šà¹€à¸›à¸¥à¸µà¹ˆà¸¢à¸™à¹€à¸›à¹‰à¸²à¸«à¸¡à¸²à¸¢à¸—à¸±à¸™à¸—à¸µ à¹€à¸žà¸·à¹ˆà¸­à¸™à¹„à¸¡à¹ˆà¹€à¸­à¸²à¸‡à¸±à¹‰à¸™à¸¥à¸­à¸‡à¸«à¸¥à¸­à¸à¸žà¸µà¹ˆà¸ªà¸²à¸§à¸”à¸µà¸à¸§à¹ˆà¸² à¸™à¸²à¸‡à¹€à¸£à¸µà¸¢à¸™à¸­à¸¢à¸¹à¹ˆà¸—à¸µà¹ˆà¸ªà¸§à¸´à¸‹à¹à¸–à¸¡à¹€à¸›à¹‡à¸™à¸„à¸™à¸šà¹‰à¸²à¹€à¸—à¸µà¹ˆà¸¢à¸§à¸¡à¸²à¸à¸à¸à¸à¸à¸ à¸„à¸‡à¸™à¸±à¹ˆà¸‡à¸£à¸–à¹„à¸Ÿà¸¡à¸²à¸«à¸²à¹€à¸£à¸²à¹„à¸”à¹‰à¹„à¸¡à¹ˆà¸¢à¸²à¸  à¸à¹‡à¸à¸¥à¹ˆà¸­à¸¡à¸™à¸²à¸‡à¸—à¸¸à¸à¸§à¸±à¸™ à¸§à¸±à¸™à¸¥à¸° 2à¸¡à¸·à¹‰à¸­à¸«à¸¥à¸±à¸‡à¸­à¸²à¸«à¸²à¸£à¹€à¸Šà¹‰à¸²à¹€à¸¢à¹‡à¸™à¹† à¸ˆà¸™à¸™à¸²à¸‡à¸£à¸³à¸„à¸²à¸à¹€à¸ªà¸µà¸¢à¸‡à¸­à¸­à¸”à¸­à¹‰à¸­à¸™à¹à¸¥à¸°à¸•à¸à¸«à¸¥à¸¸à¸¡à¸žà¸£à¸²à¸‡à¸—à¸µà¹ˆà¹€à¸£à¸²à¸§à¸²à¸‡à¹„à¸§à¹‰  à¸¢à¸­à¸¡à¹„à¸›à¸›à¸µà¸™à¸ à¸¹à¹€à¸‚à¸²à¸à¸±à¸šà¹€à¸£à¸²à¹ƒà¸™à¸—à¸µà¹ˆà¸ªà¸¸à¸” à¸­à¸¸à¸®à¸´à¹†à¹† à¸™à¸µà¹ˆà¸žà¸¥à¸²à¸”à¸¥à¸°à¸šà¸­à¸à¹€à¸¥à¸¢(à¸­à¸±à¸™à¸™à¸µà¹‰à¸„à¸´à¸”à¹ƒà¸™à¹ƒà¸ˆà¸™à¸°)<br />\r\n<img class="responsive-img" src = "http://f.ptcdn.info/709/040/000/o3ncywit5SnacX1bYxz-o.jpg"><br />\r\nà¹€à¸£à¸²à¸ˆà¸±à¸”à¹à¸ˆà¸‡à¸ˆà¸­à¸‡à¸—à¸£à¸´à¸›à¸›à¸µà¸™à¹€à¸‚à¸²à¹€à¸£à¸µà¸¢à¸šà¸£à¹‰à¸­à¸¢ à¸œà¸¹à¹‰à¸£à¹ˆà¸§à¸¡à¸¥à¸³à¸šà¸²à¸à¸à¹‡à¸¡à¸µà¹à¸¥à¹‰à¸§à¹€à¸«à¸¥à¸·à¸­à¸­à¸¢à¹ˆà¸²à¸‡à¹€à¸”à¸µà¸¢à¸§à¸—à¸µà¹ˆà¸•à¹‰à¸­à¸‡à¸ˆà¸±à¸”à¸à¸²à¸£à¸„à¸·à¸­à¸à¸²à¸£à¹€à¸•à¸£à¸µà¸¢à¸¡à¸•à¸±à¸§  à¹‚à¸”à¸¢à¹€à¸£à¸²à¹à¸¢à¸à¸žà¸§à¸à¸­à¸¸à¸›à¸à¸£à¸“à¹Œà¹à¸¥à¸°à¹€à¸ªà¸·à¹‰à¸­à¸œà¹‰à¸²à¸—à¸µà¹ˆà¸•à¹‰à¸­à¸‡à¹ƒà¸Šà¹‰à¸ªà¸³à¸«à¸£à¸±à¸šà¹„à¸›à¸›à¸µà¸™à¹€à¸‚à¸²à¹„à¸§à¹‰à¸•à¹ˆà¸²à¸‡à¸«à¸²à¸ à¹€à¸§à¸¥à¸²à¸«à¸¢à¸´à¸šà¹ƒà¸Šà¹‰à¸‚à¸­à¸‡à¸ªà¹ˆà¸§à¸™à¸­à¸·à¹ˆà¸™à¹†à¸ˆà¸°à¹„à¸”à¹‰à¹„à¸¡à¹ˆà¸£à¸à¹à¸¥à¸°à¸ªà¸±à¸šà¸ªà¸™  à¸žà¸§à¸à¸‚à¸­à¸‡à¸—à¸µà¹ˆà¸ˆà¸³à¹€à¸›à¹‡à¸™à¸¡à¸²à¸à¹†à¹€à¸Šà¹ˆà¸™à¹€à¸ªà¸·à¹‰à¸­à¸à¸±à¸™à¸«à¸™à¸²à¸§à¹à¸¥à¸°à¸à¸²à¸‡à¹€à¸à¸‡à¹à¸šà¸šà¸à¸±à¸™à¸¥à¸¡-à¸à¸±à¸™à¸«à¸™à¸²à¸§-à¸à¸±à¸™à¸™à¹‰à¸³ à¸«à¸£à¸·à¸­à¸«à¸¡à¸§à¸à¹à¸¥à¸°à¸–à¸¸à¸‡à¹€à¸—à¹‰à¸²à¸–à¸¸à¸‡à¸¡à¸·à¸­ à¸ªà¸¡à¸„à¸§à¸£à¸­à¸¢à¹ˆà¸²à¸‡à¸¢à¸´à¹ˆà¸‡à¸—à¸µà¹ˆà¸ˆà¸°à¸¥à¸‡à¸—à¸¸à¸™à¸«à¸²à¸‚à¸­à¸‡à¸”à¸µà¹†à¸¡à¸²à¹ƒà¸Šà¹‰  à¸„à¸´à¸”à¸‹à¸°à¸§à¹ˆà¸²à¸«à¸¥à¸±à¸‡à¸ˆà¸²à¸à¸™à¸µà¹‰à¸­à¸²à¸ˆà¸ˆà¸°à¸¡à¸µà¹‚à¸­à¸à¸²à¸ªà¹„à¸”à¹‰à¹„à¸›à¹€à¸—à¸µà¹ˆà¸¢à¸§à¹à¸™à¸§à¹†à¸™à¸µà¹‰à¸­à¸µà¸ à¸‹à¸·à¹‰à¸­à¸”à¸µà¹†à¸—à¸µà¹€à¸”à¸µà¸¢à¸§à¹„à¸›à¹€à¸¥à¸¢à¸­à¸¢à¹ˆà¸²à¸¡à¸±à¸§à¸‡à¸ à¹„à¸¡à¹ˆà¸‡à¸±à¹‰à¸™à¸ˆà¸°à¹€à¸›à¹‡à¸™à¹à¸šà¸šà¹€à¸£à¸²!! à¸¢à¸±à¸‡à¸”à¸µà¸—à¸µà¹ˆà¹€à¸£à¸²à¸¡à¸µà¸£à¸­à¸‡à¹€à¸—à¹‰à¸²à¸ªà¸³à¸«à¸£à¸±à¸šà¹€à¸”à¸´à¸™à¹€à¸‚à¸²à¸£à¸°à¸¢à¸°à¹„à¸à¸¥ à¸à¸±à¸šà¸à¸²à¸‡à¹€à¸à¸‡à¸à¸±à¸™à¸«à¸™à¸²à¸§à¸—à¸µà¹ˆà¹‚à¸­à¹€à¸„à¸­à¸¢à¸¹à¹ˆà¹à¸¥à¹‰à¸§ à¹€à¸«à¸¥à¸·à¸­à¹à¸„à¹ˆà¹€à¸ªà¸·à¹‰à¸­à¸à¸±à¸šà¸–à¸¸à¸‡à¸¡à¸·à¸­ à¸”à¹‰à¸§à¸¢à¸„à¸§à¸²à¸¡à¸‡à¸ à¹„à¸¡à¹ˆà¸­à¸¢à¸²à¸à¹ƒà¸«à¹‰à¸‡à¸šà¸‚à¸­à¸‡à¸—à¸£à¸´à¸›à¸¡à¸²à¸šà¸²à¸™à¸›à¸¥à¸²à¸¢à¸—à¸µà¹ˆà¸­à¸¸à¸›à¸à¸£à¸“à¹Œà¸›à¸µà¸™à¹€à¸‚à¸² à¸ˆà¸¶à¸‡à¸•à¸±à¸”à¸ªà¸´à¸™à¹ƒà¸ˆà¸¥à¸‡à¸—à¸¸à¸™à¹„à¸›à¸à¸±à¸šà¸‚à¸­à¸‡à¸„à¸¹à¹ˆà¸šà¹‰à¸²à¸™à¸„à¸¹à¹ˆà¹€à¸¡à¸·à¸­à¸‡à¸­à¸¢à¹ˆà¸²à¸‡à¸‚à¸­à¸‡à¸à¹‰à¸­à¸›à¹€à¸à¸£à¸”Aà¹‚à¸¥à¸”!! <br />\r\n        <br />\r\n      à¹€à¸£à¸²à¹€à¸¥à¸·à¸­à¸à¸—à¸µà¹ˆà¸ˆà¸°à¹„à¸›à¸¡à¸²à¸šà¸¸à¸à¸„à¸£à¸­à¸‡à¸„à¹ˆà¸° à¹€à¸”à¸´à¸™à¸­à¸¢à¸¹à¹ˆà¹„à¸¡à¹ˆà¸™à¸²à¸™à¸à¹‡à¸ªà¸­à¸¢à¹€à¸ªà¸·à¹‰à¸­à¸à¸±à¸™à¸«à¸™à¸²à¸§à¹à¸šà¸šà¹„à¸•à¸£à¹„à¸„à¸¥à¹€à¸¡à¸—à¸¢à¸µà¹ˆà¸«à¹‰à¸­à¸”à¸±à¸‡à¸à¸±à¸šà¸ªà¸£à¸£à¸žà¸„à¸¸à¸“à¸­à¸µà¸à¸¥à¹‰à¸²à¸™à¹à¸›à¸”à¸—à¸µà¹ˆà¹‚à¸­à¹€à¸§à¹ˆà¸­à¸£à¹Œà¸¡à¸²à¸à¸¡à¸²à¸¢ à¸›à¸£à¸°à¸¡à¸²à¸“à¸§à¹ˆà¸²à¸•à¹ˆà¸­à¹ƒà¸«à¹‰à¸­à¸¸à¸à¸à¸²à¸šà¸²à¸•à¸™à¹‰à¸³à¹à¸‚à¹‡à¸‡à¸žà¸¸à¹ˆà¸‡à¸Šà¸™à¹‚à¸¥à¸ à¸–à¹‰à¸²à¹ƒà¸ªà¹ˆà¹€à¸ªà¸·à¹‰à¸­à¸•à¸±à¸§à¸™à¸µà¹‰à¹„à¸§à¹‰à¸à¸¹à¸à¹‡à¸¢à¸±à¸‡à¸£à¸­à¸”à¸­à¹ˆà¸° à¹à¸–à¸¡à¹„à¸”à¹‰à¸¡à¸²à¹ƒà¸™à¸£à¸²à¸„à¸²à¹„à¸¡à¹ˆà¸–à¸¶à¸‡à¸ªà¸­à¸‡à¸žà¸±à¸™à¸­à¸µà¸ à¸®à¸¹à¹€à¸£à¹ˆ~à¹€à¸¡à¸·à¸­à¸‡à¹„à¸—à¸¢à¸™à¸µà¹ˆà¸‚à¸­à¸‡à¸¡à¸±à¸™à¸–à¸¹à¸à¸ˆà¸£à¸´à¸¡à¹† , à¹€à¸«à¸¥à¸·à¸­à¸­à¸µà¸à¸­à¸¢à¹ˆà¸²à¸‡à¸„à¸·à¸­ à¸–à¸¸à¸‡à¸¡à¸·à¸­ à¸‹à¸¶à¹ˆà¸‡à¹€à¸„à¹‰à¸²à¸à¹‡à¸£à¸°à¸šà¸¸à¸¡à¸²à¹ƒà¸™à¹€à¸¡à¸¥à¸™à¸°à¸§à¹ˆà¸²à¸„à¸§à¸£à¸ˆà¸°à¸à¸±à¸™à¸«à¸™à¸²à¸§à¹„à¸”à¹‰à¹à¸šà¸šà¸”à¸µà¹€à¸¢à¸µà¹ˆà¸¢à¸¡à¹€à¸žà¸£à¸²à¸°à¸­à¸²à¸à¸²à¸¨à¸‚à¹‰à¸²à¸‡à¸šà¸™à¸•à¸´à¸”à¸¥à¸šà¹à¸™à¹ˆà¸™à¸­à¸™ à¸šà¸­à¸à¸•à¸£à¸‡à¹†à¸™à¸° à¹à¸„à¹ˆà¸„à¹ˆà¸²à¸•à¸±à¹‹à¸§à¹€à¸„à¸£à¸·à¹ˆà¸­à¸‡à¸šà¸´à¸™ à¸£à¸–à¹„à¸Ÿ à¸—à¸µà¹ˆà¸™à¸­à¸™ à¸šà¸§à¸à¸„à¹ˆà¸²à¹„à¸à¸”à¹Œà¸›à¸µà¸™à¹€à¸‚à¸²à¸­à¸µà¸à¹€à¸™à¸µà¹ˆà¸¢ à¸„à¸·à¸­à¸«à¸¡à¸”à¸•à¸¹à¸”à¸¥à¸°à¸„à¹ˆà¸° à¹ƒà¸«à¹‰à¹€à¸ªà¸µà¸¢à¸•à¸±à¸‡à¹€à¸žà¸´à¹ˆà¸¡à¸­à¸µà¸à¸‹à¸±à¸à¸ªà¸´à¸šà¸šà¸²à¸—à¸à¹‡à¹„à¸¡à¹ˆà¸­à¸¢à¸²à¸à¹€à¸ªà¸µà¸¢ à¹€à¸­à¸²à¸‡à¸µà¹‰à¸¥à¸°à¸à¸±à¸™ à¹€à¸«à¹‡à¸™à¸„à¸¸à¸“à¸žà¸µà¹ˆà¸—à¸µà¹ˆà¸šà¹‰à¸²à¸™à¹€à¸„à¸¢à¸‹à¸·à¹‰à¸­à¸–à¸¸à¸‡à¸¡à¸·à¸­à¸”à¸³à¸™à¹‰à¸³à¸¡à¸² à¸™à¸²à¸‡à¸šà¸­à¸à¸§à¹ˆà¸²à¸¡à¸±à¸™à¸ªà¸²à¸¡à¸²à¸£à¸–à¸Šà¹ˆà¸§à¸¢à¸›à¸£à¸±à¸šà¸­à¸¸à¸“à¸«à¸ à¸¹à¸¡à¸´à¹„à¸”à¹‰à¸”à¸µ à¹€à¸žà¸£à¸²à¸°à¹ƒà¸•à¹‰à¸¡à¸°à¹€à¸¥à¸à¹‡à¸«à¸™à¸²à¸§à¹€à¸«à¸¡à¸·à¸­à¸™à¸à¸±à¸™ à¹€à¸¥à¸¢à¸•à¸±à¸”à¸ªà¸´à¸ˆà¹ƒà¸ˆà¹€à¸­à¸²à¸­à¸±à¸™à¸™à¸µà¹‰à¹à¸«à¸¥à¸° à¸™à¹ˆà¸²à¸ˆà¸°à¸žà¸­à¸–à¸¹à¹„à¸–à¹† à¸žà¸­à¸„à¸´à¸”à¹„à¸”à¹‰à¸à¹‡à¹à¸®à¸›à¸›à¸µà¹‰à¸¥à¸°à¸—à¸µà¹ˆà¹€à¸‡à¸´à¸™à¹„à¸¡à¹ˆà¸à¸£à¸°à¹€à¸”à¹‡à¸™à¸­à¸­à¸à¸ˆà¸²à¸à¹€à¸›à¹‹à¸² à¹€à¸«à¸¥à¸·à¸­à¸ªà¸´à¹ˆà¸‡à¸ªà¸¸à¸”à¸—à¹‰à¸²à¸¢à¸—à¸µà¹ˆà¸•à¹‰à¸­à¸‡à¹€à¸•à¸£à¸µà¸¢à¸¡à¸•à¸±à¸§à¸à¹‡à¸„à¸·à¸­à¸„à¸§à¸²à¸¡à¸Ÿà¸´à¸•à¸‚à¸­à¸‡à¸£à¹ˆà¸²à¸‡à¸à¸²à¸¢  à¹€à¸”à¸´à¸™à¸‚à¸¶à¹‰à¸™à¸ à¸¹à¹€à¸‚à¸²à¸ªà¸¹à¸‡à¹€à¸à¸·à¸­à¸š4000à¹€à¸¡à¸•à¸£à¸ à¸²à¸¢à¹ƒà¸™à¸ªà¸­à¸‡à¸§à¸±à¸™ à¸¡à¸±à¸™à¸„à¸‡à¹„à¸¡à¹ˆà¸‚à¸µà¹‰à¹à¸™à¹ˆà¹† à¹à¸–à¸¡à¸à¹ˆà¸­à¸™à¸«à¸™à¹‰à¸²à¸—à¸µà¹ˆà¸ˆà¸°à¹„à¸›à¸›à¸µà¸™à¸ à¸¹à¹€à¸‚à¸²à¸à¹‡à¹€à¸›à¹‡à¸™à¸—à¸£à¸´à¸›à¹à¸šà¸„à¹à¸žà¸„à¸—à¸µà¹ˆà¹€à¸™à¹‰à¸™à¸ªà¸­à¸‡à¹€à¸—à¹‰à¸²à¹€à¸”à¸´à¸™à¸£à¸±à¸§à¹† à¹à¸¥à¸°à¸”à¹‰à¸§à¸¢à¸„à¸§à¸²à¸¡à¸ˆà¸™à¸•à¹‰à¸­à¸‡à¸à¸´à¸™à¸­à¸¢à¸¹à¹ˆà¸™à¸­à¸™à¸«à¸¥à¸±à¸šà¹à¸šà¸šà¸›à¸£à¸°à¸«à¸¢à¸±à¸”à¸­à¸µà¸ à¸£à¹ˆà¸²à¸‡à¸à¸²à¸¢à¸à¹‡à¸•à¹‰à¸­à¸‡à¹à¸‚à¹‡à¸‡à¹à¸£à¸‡à¹„à¸§à¹‰à¸à¹ˆà¸­à¸™<br />\r\n<img class="responsive-img" src = "http://f.ptcdn.info/709/040/000/o3nd60gx2N2jhqBtB1h-o.jpg"><br />\r\n<br />\r\nCREDIT http://pantip.com/topic/34879331<br />\r\n', 'http://f.ptcdn.info/709/040/000/o3ncywit5SnacX1bYxz-o.jpg', '2016-03-07 10:56:29', NULL),
(9, 2, 4, 'jhfjyfyfi', 'vhfhf<br />\r\nl<br />\r\nk<br />\r\nk<br />\r\nk<br />\r\n;k<br />\r\n;k;<br />\r\nk;<br />\r\nk', 'http://gdb.voanews.com/6DD8F0FE-F989-409C-A996-22BA48C792C6_mw1024_s_n.jpg', '2016-03-10 11:34:10', 'Edited by admin on 2016-03-27 03:50:19'),
(10, 1, 1, 'asd', 'ad', 'imgs/cover3.jpg', '2016-03-10 10:25:58', NULL),
(11, 1, 4, 'Hello World', 'ad<br />\r\n<br />\r\n<br />\r\nhello<br />\r\n<br />\r\n<blockquote><h5>" quote "</h5></blockquote>', 'imgs/success-kid.jpg', '2016-03-10 10:26:36', 'Edited by admin on 2016-04-18 03:20:47'),
(12, 1, 1, '[CR]â˜† SHIRAKAWA-GO à¹€à¸¡à¸·à¸­à¸‡à¸•à¹‰à¸­à¸‡à¸¡à¸™à¸•à¹Œ..à¸‚à¸­à¸‡à¸„à¸™à¸—à¹ˆà¸­à¸‡à¹€à¸—à¸µà¹ˆà¸¢à¸§ ã‚·', 'à¸ªà¸§à¸±à¸ªà¸”à¸µà¸„à¹ˆà¸²...<br />\r\n<br />\r\n     à¸à¸¥à¸±à¸šà¸¡à¸²à¸­à¸µà¸à¸„à¸£à¸±à¹‰à¸‡à¸à¸±à¸šà¸à¸²à¸£à¹€à¸”à¸´à¸™à¸—à¸²à¸‡à¸„à¸£à¸±à¹‰à¸‡à¸—à¸µà¹ˆà¸ªà¸­à¸‡à¸‚à¸­à¸‡à¸à¸²à¸£à¹„à¸›à¹€à¸—à¸µà¹ˆà¸¢à¸§à¸›à¸£à¸°à¹€à¸—à¸¨à¸à¸µà¹ˆà¸›à¸¸à¹ˆà¸™ à¹€à¸¡à¸·à¸­à¸‡à¸—à¸µà¹ˆà¹ƒà¸„à¸£à¹†à¸«à¸¥à¸²à¸¢à¹†à¸„à¸™à¸«à¸¥à¸‡à¸£à¸±à¸ à¹€à¸›à¹‡à¸™à¸›à¸£à¸°à¹€à¸—à¸¨à¸›à¸£à¸°à¹€à¸—à¸¨à¸«à¸™à¸¶à¹ˆà¸‡à¸—à¸µà¹ˆà¸«à¸¥à¸²à¸¢à¹†à¸„à¸™à¸­à¸²à¸ˆà¸•à¸±à¹‰à¸‡à¹€à¸›à¹‰à¸²à¸«à¸¡à¸²à¸¢à¸—à¸µà¹ˆà¸­à¸¢à¸²à¸à¸ˆà¸°à¹„à¸›à¸ªà¸±à¸¡à¸œà¸±à¸ªà¸ªà¸±à¸à¸„à¸£à¸±à¹‰à¸‡ à¹„à¸›à¹à¸¥à¹‰à¸§à¸«à¸¥à¸‡à¸£à¸±à¸ à¸£à¸±à¸à¹ƒà¸™à¸§à¸±à¸’à¸™à¸˜à¸£à¸£à¸¡ à¸£à¸±à¸à¹ƒà¸™à¸™à¸´à¸ªà¸±à¸¢à¸‚à¸­à¸‡à¸„à¸™à¸à¸µà¹ˆà¸›à¸¸à¹ˆà¸™ à¸£à¸±à¸à¹ƒà¸™à¸šà¹‰à¸²à¸™à¹€à¸¡à¸·à¸­à¸‡à¸—à¸µà¹ˆà¹€à¸›à¹‡à¸™à¸£à¸°à¹€à¸šà¸µà¸¢à¸š à¸ªà¸°à¸­à¸²à¸”à¹à¸¥à¸°à¸ªà¸‡à¸š<br />\r\n<br />\r\n<img class="responsive-img" src = "http://f.ptcdn.info/893/040/000/o3z26x9wfFdBqKO8fmA-o.jpg"><br />\r\n<br />\r\n  à¸„à¸£à¸²à¸§à¸™à¸µà¹‰à¸à¸²à¸£à¹€à¸”à¸´à¸™à¸—à¸²à¸‡à¸‚à¸­à¸‡ à¹€à¸£à¸² 8 à¸§à¸±à¸™ 7 à¸„à¸·à¸™ à¹€à¸£à¸²à¹€à¸”à¸´à¸™à¸—à¸²à¸‡à¹„à¸¥à¹ˆà¸•à¸±à¹‰à¸‡à¹à¸•à¹ˆà¹€à¸«à¸™à¸·à¸­à¸¥à¸‡à¸¡à¸² à¸„à¸£à¸²à¸§à¸™à¸µà¹‰à¹€à¸£à¸²à¸„à¸¸à¸¢à¸à¸±à¸šà¹€à¸žà¸·à¹ˆà¸­à¸™à¹†à¹„à¸§à¹‰à¸§à¹ˆà¸²à¸‚à¸­à¸ªà¸±à¸¡à¸œà¸±à¸ªà¸«à¸´à¸¡à¸°à¸ªà¸±à¸à¸„à¸£à¸±à¹‰à¸‡ à¹€à¸­à¸²à¹ƒà¸«à¹‰à¸ªà¸°à¹ƒà¸ˆà¹„à¸›à¹€à¸¥à¸¢ à¸à¹ˆà¸­à¸™à¹„à¸›à¸à¹‡à¹€à¸Šà¹‡à¸„à¸ªà¸ à¸²à¸žà¸­à¸²à¸à¸²à¸¨à¸•à¸¥à¸­à¸”à¸§à¹ˆà¸²à¹€à¸›à¹‡à¸™à¸¢à¸±à¸‡à¹„à¸‡à¸ªà¸¸à¸”à¸—à¹‰à¸²à¸¢à¸à¹ˆà¸­à¸™à¸§à¸±à¸™à¹€à¸”à¸´à¸™à¸—à¸²à¸‡à¸žà¸¢à¸²à¸à¸£à¸“à¹Œà¸­à¸²à¸à¸²à¸¨à¸§à¹ˆà¸²à¸«à¸´à¸¡à¸°à¸à¸³à¸¥à¸±à¸‡à¸•à¸ à¹„à¸”à¹‰à¸—à¸µà¹à¸«à¸¥à¸°à¹€à¸•à¸£à¸µà¸¢à¸¡à¹à¸žà¸„à¸‚à¸­à¸‡à¸žà¸£à¹‰à¸­à¸¡à¸¥à¸¸à¸¢à¸«à¸´à¸¡à¸°à¸à¸±à¸™à¹€à¸¥à¸¢à¸¢..<br />\r\n<br />\r\n     à¹à¸•à¹ˆà¸—à¸µà¹ˆà¹à¸£à¸à¹ƒà¸™à¸—à¸£à¸´à¸›à¸™à¸µà¹‰ à¹€à¸£à¸²à¸«à¸²à¸‚à¹‰à¸­à¸¡à¸¹à¸¥à¹€à¸à¸µà¹ˆà¸¢à¸§à¸à¸±à¸šà¸«à¸¡à¸¹à¹ˆà¸šà¹‰à¸²à¸™à¸Šà¸´à¸£à¸²à¸„à¸²à¸§à¸²à¹‚à¸à¸° à¸«à¸¡à¸¹à¹ˆà¸šà¹‰à¸²à¸™à¸¡à¸£à¸”à¸à¹‚à¸¥à¸ à¸—à¸µà¹ˆà¸™à¹ˆà¸²à¹„à¸›à¹€à¸¢à¸·à¸­à¸™à¸¡à¸²à¸à¹„à¸¡à¹ˆà¸§à¹ˆà¸²à¸¤à¸”à¸¹à¸à¸²à¸¥à¹„à¸«à¸™à¸à¹‡à¸ªà¸§à¸¢ à¹à¸•à¹ˆà¸ªà¸³à¸«à¸£à¸±à¸šà¹€à¸£à¸²à¹à¸¥à¹‰à¸§à¹€à¸£à¸²à¸Šà¸­à¸šà¸¤à¸”à¸¹à¸—à¸µà¹ˆà¸«à¸™à¸²à¸§à¸—à¸µà¹ˆà¸¡à¸µà¸«à¸´à¸¡à¸°à¸›à¸à¸•à¸´à¸‚à¸²à¸§à¹‚à¸žà¸¥à¸™ à¸¡à¸±à¸™à¸¡à¸­à¸‡à¸”à¸¹à¹à¸¥à¹‰à¸§à¸ªà¸§à¸¢à¸¡à¸²à¸à¸ à¸•à¹‰à¸­à¸‡à¸¡à¸™à¸•à¹Œà¸„à¸§à¸²à¸¡à¸‡à¸²à¸¡à¹€à¸¡à¸·à¹ˆà¸­à¹„à¸”à¹‰à¸¡à¸²à¸—à¸µà¹ˆà¸«à¸¡à¸¹à¹ˆà¸šà¹‰à¸²à¸™à¸™à¸µà¹‰ à¹à¸¥à¹‰à¸§à¸–à¹‰à¸²à¸¢à¸´à¹ˆà¸‡à¹€à¸›à¹‡à¸™à¸Šà¹ˆà¸§à¸‡ light up à¸à¹‡à¸¢à¸´à¹ˆà¸‡à¸ªà¸§à¸¢à¹„à¸›à¸­à¸µà¸à¹€à¸žà¸£à¸²à¸°à¸ˆà¸°à¸¡à¸µà¸à¸²à¸£à¸ˆà¸±à¸”à¹à¸ªà¸”à¸‡à¹„à¸Ÿà¹€à¸›à¸´à¸”à¹ƒà¸«à¹‰à¸”à¸¹à¸à¸±à¸™à¹ƒà¸™à¸£à¸­à¸šà¸à¸¥à¸²à¸‡à¸„à¸·à¸™<br />\r\n<br />\r\n     à¹€à¸£à¸²à¹€à¸¥à¸·à¸­à¸à¸ˆà¸­à¸‡à¸—à¸µà¹ˆà¸žà¸±à¸à¸—à¸µà¹ˆ J-Hoppers à¹€à¸›à¹‡à¸™à¸—à¸µà¹ˆà¸žà¸±à¸à¸ªà¸³à¸«à¸£à¸±à¸šà¸™à¸±à¸à¹€à¸”à¸´à¸™à¸—à¸²à¸‡ à¸¡à¸µà¸«à¹‰à¸­à¸‡à¹ƒà¸«à¹‰à¹€à¸¥à¸·à¸­à¸à¸ªà¸³à¸«à¸£à¸±à¸šà¸¡à¸²à¹€à¸›à¹‡à¸™à¸à¸¥à¸¸à¹ˆà¸¡à¹€à¸žà¸·à¹ˆà¸­à¸™à¹à¸¥à¸°à¸«à¹‰à¸­à¸‡à¸ªà¸³à¸«à¸£à¸±à¸šà¸™à¸±à¸à¹€à¸”à¸´à¸™à¸—à¸²à¸‡à¹€à¸”à¸µà¹ˆà¸¢à¸§à¹à¸¥à¸°à¸—à¸µà¹ˆà¸™à¸µà¹ˆà¸ˆà¸°à¸”à¸µà¸­à¸µà¸à¸­à¸¢à¹ˆà¸²à¸‡à¸„à¸·à¸­à¹€à¸¡à¸·à¹ˆà¸­à¹€à¸£à¸²à¸žà¸±à¸à¸—à¸µà¹ˆà¸™à¸µà¹ˆà¹à¸¥à¹‰à¸§à¸ˆà¸°à¹€à¸”à¸´à¸™à¸—à¸²à¸‡à¹„à¸›à¸¢à¸±à¸‡à¸«à¸¡à¸¹à¹ˆà¸šà¹‰à¸²à¸™à¸Šà¸´à¸£à¸²à¸„à¸²à¸§à¸²à¹‚à¸à¸°à¸à¹‡à¸ªà¸²à¸¡à¸²à¸£à¸–à¸ˆà¸­à¸‡à¸£à¸–à¸šà¸±à¸ªà¸‚à¸­à¸‡à¸—à¸²à¸‡à¸—à¸µà¹ˆà¸žà¸±à¸à¹„à¸”à¹‰à¹à¸¥à¸°à¸ˆà¸°à¹„à¸”à¹‰à¸£à¸²à¸„à¸²à¸—à¸µà¹ˆà¸–à¸¹à¸à¸§à¹ˆà¸²à¸„à¸·à¸­à¸›à¸à¸•à¸´à¹€à¸£à¸²à¸ˆà¸°à¹€à¸”à¸´à¸™à¸—à¸²à¸‡à¹„à¸›à¸à¸¥à¸±à¸šà¸­à¸¢à¸¹à¹ˆà¸—à¸µà¹ˆ 4400 à¹€à¸¢à¸™ à¹à¸•à¹ˆà¸–à¹‰à¸²à¸žà¸±à¸à¸—à¸µà¹ˆà¸™à¸µà¹ˆà¸ˆà¸°à¸­à¸¢à¸¹à¹ˆà¸—à¸µà¹ˆ 3900 à¹€à¸¢à¸™ à¸ˆà¸°à¸¡à¸µà¸£à¸–à¸¡à¸²à¸£à¸±à¸šà¸–à¸¶à¸‡à¸«à¸™à¹‰à¸²à¸—à¸µà¹ˆà¸žà¸±à¸à¹€à¸¥à¸¢ à¹à¸¥à¸°à¸—à¸µà¹ˆ J-Hoppers à¸à¹‡à¸­à¸¢à¸¹à¹ˆà¹„à¸¡à¹ˆà¹„à¸à¸¥à¸ˆà¸²à¸à¸ªà¸–à¸²à¸™à¸µ Takayama à¹€à¸”à¸´à¸™ 5-10 à¸™à¸²à¸—à¸µà¸à¹‡à¸–à¸¶à¸‡à¹à¸¥à¹‰à¸§<br />\r\n<br />\r\n<img class="responsive-img" src = "http://f.ptcdn.info/897/040/000/o3z8tbveaSGXKNMPoIm-o.jpg"><br />\r\n<br />\r\nà¸«à¸¥à¸±à¸‡à¸ˆà¸²à¸à¸­à¸­à¸à¸ˆà¸²à¸à¸ªà¸–à¸²à¸™à¸µà¸¡à¸²à¸”à¹‰à¸²à¸™à¸‹à¹‰à¸²à¸¢à¸à¹‡à¸ˆà¸°à¹€à¸›à¹‡à¸™ nohi-bus à¸–à¹‰à¸²à¹ƒà¸„à¸£à¸ˆà¸°à¸ªà¸°à¸”à¸§à¸à¸ˆà¸­à¸‡à¸šà¸±à¸ªà¸ˆà¸²à¸à¸—à¸µà¹ˆà¸™à¸µà¹ˆà¹„à¸›à¸¢à¸±à¸‡à¸«à¸¡à¸¹à¹ˆà¸šà¹‰à¸²à¸™à¸Šà¸´à¸£à¸²à¸„à¸²à¸§à¸²à¸à¹‡à¹„à¸”à¹‰ à¸›à¸à¸•à¸´à¸ªà¹ˆà¸§à¸™à¹ƒà¸«à¸à¹ˆà¸ˆà¸°à¹ƒà¸Šà¹‰à¸šà¸£à¸´à¸à¸²à¸£à¸—à¸µà¹ˆà¸™à¸µà¹ˆà¸à¸±à¸™<br />\r\n<br />\r\n<img class="responsive-img" src = "http://f.ptcdn.info/897/040/000/o3z8pjn7vgTjYQuRwHu-o.jpg"><br />\r\n<img class="responsive-img" src = "http://f.ptcdn.info/897/040/000/o3z8q3axocyNLh9Urj9-o.jpg"><br />\r\n<br />\r\n<div class="container"><div class="video-container">\n          <iframe width="200" height="100" src="//www.youtube.com/embed/Z-qjxO_ZJKM?rel=0" frameborder="0" allowfullscreen></iframe>\n      </div></div>', 'imgs/o3z26x9wfFdBqKO8fmA-o.jpg', '2016-03-14 11:16:29', 'Edited by nuntjw on 2016-04-16 11:05:29'),
(13, 2, 3, 'Test Edit', '<br />\r\n<br />\r\n<br />\r\n<blockquote><h5>" hello "</h5></blockquote>', 'imgs/cover2.jpg', '2016-04-03 03:08:58', 'Edited by admin on 2016-04-18 03:29:10'),
(14, 1, 4, '[CR]à¸£à¸µà¸§à¸´à¸§ à¸‚à¸™à¸¡à¸›à¸±à¸‡à¸›à¸´à¹‰à¸‡ "à¸¡à¸™à¸•à¹Œ à¸™à¸¡à¸ªà¸”" à¸—à¸¸à¸à¸«à¸™à¹‰à¸² à¸—à¸±à¹‰à¸‡à¸«à¸¡à¸” 9 à¸«à¸™à¹‰à¸²!!!', 'à¸ªà¸§à¸±à¸ªà¸”à¸µà¸„à¹ˆà¸°à¹€à¸žà¸·à¹ˆà¸­à¸™à¹†à¸Šà¸²à¸§ pantip à¸™à¸µà¹ˆà¹€à¸›à¹‡à¸™à¸à¸£à¸°à¸—à¸¹à¹‰à¸£à¸µà¸§à¸´à¸§à¸­à¸²à¸«à¸²à¸£à¸à¸£à¸°à¸—à¸¹à¹‰à¸—à¸µà¹ˆ 3 à¸‚à¸­à¸‡à¹à¸šà¸¡à¹à¸¥à¹‰à¸§à¸„à¹ˆà¸²<br />\r\n<img class="responsive-img" src = "http://f.ptcdn.info/960/041/000/o5xswpo02bGnKUoiHMP-o.jpg"><br />\r\nà¹à¸šà¸¡à¹€à¸Šà¸·à¹ˆà¸­à¸§à¹ˆà¸² à¸—à¸¸à¸à¸„à¸™(à¸«à¸£à¸·à¸­à¸ªà¹ˆà¸§à¸™à¹ƒà¸«à¸à¹ˆ)à¸—à¸µà¹ˆà¸­à¸¢à¸¹à¹ˆà¹€à¸¡à¸·à¸­à¸‡à¹„à¸—à¸¢à¸™à¹ˆà¸²à¸ˆà¸°à¸£à¸¹à¹‰à¸ˆà¸±à¸à¹à¸¥à¸°à¹€à¸„à¸¢à¸—à¸²à¸™ à¸‚à¸™à¸¡à¸›à¸±à¸‡à¸›à¸´à¹‰à¸‡à¸Šà¸·à¹ˆà¸­à¸”à¸±à¸‡à¸­à¸¢à¹ˆà¸²à¸‡ "à¸¡à¸™à¸•à¹Œ à¸™à¸¡à¸ªà¸”" à¹à¸šà¸¡à¹€à¸­à¸‡à¸à¹‡à¹€à¸Šà¹ˆà¸™à¸à¸±à¸™à¸„à¹ˆà¸° à¸™à¸µà¹ˆà¹„à¸¡à¹ˆà¹ƒà¸Šà¹ˆà¸à¸²à¸£à¸—à¸²à¸™à¸¡à¸™à¸•à¹Œà¸™à¸¡à¸ªà¸”à¸„à¸£à¸±à¹‰à¸‡à¹à¸£à¸à¸‚à¸­à¸‡à¹à¸šà¸¡ à¹à¸•à¹ˆ!!! à¹€à¸›à¹‡à¸™à¸„à¸£à¸±à¹‰à¸‡à¹à¸£à¸à¸—à¸µà¹ˆà¹à¸šà¸¡à¸¥à¸­à¸‡à¸—à¸²à¸™à¸—à¸¸à¸à¸«à¸™à¹‰à¸² à¸—à¸±à¹‰à¸‡à¸«à¸¡à¸” 9 à¸«à¸™à¹‰à¸² (à¹à¸„à¸¥à¸­à¸£à¸µà¹ˆà¸žà¸¸à¹ˆà¸‡à¸­à¸µà¸à¹à¸¥à¹‰à¸§ à¹à¸®à¹ˆ 55555) à¸–à¹‰à¸²à¸žà¸£à¹‰à¸­à¸¡à¹à¸¥à¹‰à¸§à¸à¹‡à¸•à¸²à¸¡à¸¡à¸²à¸Šà¸¡à¸à¸±à¸™à¹€à¸¥à¸¢à¸„à¹ˆà¸²<br />\r\n<br />\r\nà¹€à¸à¸£à¸´à¹ˆà¸™à¸–à¸¶à¸‡à¸£à¹‰à¸²à¸™à¸¡à¸™à¸•à¹Œà¸™à¸¡à¸ªà¸”à¸ªà¸±à¸à¸«à¸™à¹ˆà¸­à¸¢à¸™à¸°à¸„à¸° à¸£à¹‰à¸²à¸™à¸™à¸µà¹‰à¸žà¹ˆà¸­à¹à¸¡à¹ˆà¹à¸šà¸¡à¸—à¸²à¸™à¸•à¸±à¹‰à¸‡à¹à¸•à¹ˆà¸ªà¸¡à¸±à¸¢à¸¢à¸±à¸‡à¸«à¸™à¸¸à¹ˆà¸¡à¸ªà¸²à¸§à¹€à¸¥à¸¢à¸„à¹ˆà¸° à¸žà¹ˆà¸­à¹à¸¡à¹ˆà¹€à¸¥à¹ˆà¸²à¹ƒà¸«à¹‰à¸Ÿà¸±à¸‡à¸§à¹ˆà¸²à¹€à¸¡à¸·à¹ˆà¸­à¸à¹ˆà¸­à¸™à¹€à¸›à¹‡à¸™à¸£à¸–à¹€à¸‚à¹‡à¸™à¹€à¸¥à¹‡à¸à¹† à¹„à¸¡à¹ˆà¹„à¸”à¹‰à¹€à¸›à¹‡à¸™à¸£à¹‰à¸²à¸™à¹ƒà¸«à¸à¹ˆà¹‚à¸•à¹à¸¥à¸°à¸¡à¸µà¸«à¸¥à¸²à¸¢à¸ªà¸²à¸‚à¸²à¹à¸šà¸šà¸ªà¸¡à¸±à¸¢à¸™à¸µà¹‰à¸„à¹ˆà¸° à¸ªà¸²à¸‚à¸²à¸—à¸µà¹ˆà¹à¸šà¸¡à¹„à¸›à¸§à¸±à¸™à¸™à¸µà¹‰à¸à¹‡à¸„à¸·à¸­ à¸ªà¸²à¸‚à¸²à¸­à¸­à¸£à¸´à¸ˆà¸´à¸™à¸±à¸¥à¸‚à¸­à¸‡à¸—à¸µà¹ˆà¸™à¸µà¹ˆà¹€à¸¥à¸¢à¸„à¹ˆà¸° à¸ªà¸²à¸‚à¸² à¸«à¸™à¹‰à¸²à¸¨à¸²à¸¥à¸²à¸§à¹ˆà¸²à¸à¸²à¸£ à¸à¸—à¸¡. à¸•à¸£à¸‡à¸–à¸™à¸™à¸”à¸´à¸™à¸ªà¸­à¸™à¸±à¹ˆà¸™à¹€à¸­à¸‡à¸„à¹ˆà¸² (à¹€à¸›à¸´à¸”à¸šà¸£à¸´à¸à¸²à¸£à¸—à¸¸à¸à¸§à¸±à¸™ : 14.00 à¸™. - 23.00 à¸™.) à¹à¸šà¸¡à¸¡à¸²à¸–à¸¶à¸‡à¸›à¸£à¸°à¸¡à¸²à¸“ 4 à¹‚à¸¡à¸‡à¹€à¸¢à¹‡à¸™ à¸„à¸™à¹€à¸¢à¸­à¸°à¹€à¸«à¸¡à¸·à¸­à¸™à¹€à¸”à¸´à¸¡à¸„à¹ˆà¸° 5555555 à¹à¸•à¹ˆà¹„à¸¡à¹ˆà¹€à¸„à¸¢à¸£à¸­à¸™à¸²à¸™ à¸—à¸µà¹ˆà¸™à¸µà¹ˆà¹€à¸„à¹‰à¸²à¸—à¸³à¹€à¸£à¹‡à¸§à¸¡à¸²à¸à¸‚à¸­à¸šà¸­à¸<br />\r\n<br />\r\nà¸¡à¸²à¹€à¸£à¸´à¹ˆà¸¡à¸à¸±à¸™à¸—à¸µà¹ˆà¸•à¸±à¸§à¸‚à¸™à¸¡à¸›à¸±à¸‡à¸›à¸´à¹‰à¸‡à¹€à¸¥à¸¢à¸™à¸°à¸„à¸° à¹à¸šà¸¡à¸Šà¸­à¸šà¸‚à¸™à¸¡à¸›à¸±à¸‡à¸›à¸´à¹‰à¸‡à¸‚à¸­à¸‡à¸—à¸µà¹ˆà¸™à¸µà¹ˆà¸¡à¸²à¸à¸„à¹ˆà¸° à¸•à¸±à¸§à¸‚à¸™à¸¡à¸›à¸±à¸‡à¸à¸£à¸­à¸šà¸™à¸¸à¹ˆà¸¡à¸à¸³à¸¥à¸±à¸‡à¸”à¸µ à¸—à¸²à¹€à¸™à¸¢à¸«à¸­à¸¡à¹† à¹€à¸ªà¸´à¸£à¹Œà¸Ÿà¹à¸šà¸šà¸­à¸¸à¹ˆà¸™à¹† à¸—à¸´à¹‰à¸‡à¹„à¸§à¹‰à¸ªà¸±à¸à¸žà¸±à¸à¸à¹‡à¸¢à¸±à¸‡à¹„à¸¡à¹ˆà¹€à¸«à¸™à¸µà¸¢à¸§à¸„à¹ˆà¸° à¸–à¸·à¸­à¸§à¹ˆà¸²à¸—à¸³à¹„à¸”à¹‰à¸”à¸µà¸¡à¸²à¸à¹à¸¥à¸°à¹„à¸¡à¹ˆà¸¡à¸µà¹ƒà¸„à¸£à¹€à¸«à¸¡à¸·à¸­à¸™à¹€à¸¥à¸¢à¸„à¹ˆà¸° à¸Šà¸­à¸šà¸¡à¸²à¸à¹†à¹€à¸¥à¸¢<br />\r\n<br />\r\nà¸•à¹ˆà¸­à¹„à¸›à¸ˆà¸°à¹€à¸£à¸´à¹ˆà¸¡à¸£à¸µà¸§à¸´à¸§à¸—à¸µà¸¥à¸°à¸«à¸™à¹‰à¸²à¹à¸¥à¹‰à¸§à¸™à¸°à¸„à¸° à¸•à¸²à¸¡à¸¡à¸²à¹€à¸¥à¸¢à¸„à¹ˆà¸²<br />\r\n1. à¹€à¸™à¸¢à¸ªà¸±à¸‡à¸‚à¸¢à¸²à¹ƒà¸šà¹€à¸•à¸¢ 20.-<br />\r\n<img class="responsive-img" src = "http://f.ptcdn.info/961/041/000/o5xtajma6oA5SsAt7Ut-o.jpg"><br />\r\nà¸£à¸ªà¸™à¸µà¹‰à¸–à¸·à¸­à¹€à¸›à¹‡à¸™à¸‹à¸´à¸à¹€à¸™à¹€à¸ˆà¸­à¸£à¹Œà¸‚à¸­à¸‡à¸£à¹‰à¸²à¸™à¸¡à¸™à¸•à¹Œà¸™à¸¡à¸ªà¸”à¹€à¸¥à¸¢à¸„à¹ˆà¸° à¹€à¸«à¹‡à¸™à¸ªà¸±à¹ˆà¸‡à¸à¸±à¸™à¹à¸—à¸šà¸—à¸¸à¸à¹‚à¸•à¹Šà¸° 555555 à¹€à¸Šà¸·à¹ˆà¸­à¸§à¹ˆà¸²à¸—à¸¸à¸à¸„à¸™à¸—à¸µà¹ˆà¹€à¸„à¸¢à¸à¸´à¸™à¸¡à¸™à¸•à¹Œà¸™à¸¡à¸ªà¸” à¸•à¹‰à¸­à¸‡à¹€à¸„à¸¢à¸à¸´à¸™à¸«à¸™à¹‰à¸²à¸ªà¸±à¸‡à¸‚à¸¢à¸²à¹à¸™à¹ˆà¹† à¸Šà¸­à¸šà¸ªà¸±à¸‡à¸‚à¸¢à¸²à¸‚à¸­à¸‡à¸—à¸µà¹ˆà¸™à¸µà¹ˆà¸™à¸°à¸„à¸° à¹€à¸™à¸·à¹‰à¸­à¹€à¸™à¸µà¸¢à¸™à¸™à¸¸à¹ˆà¸¡ à¸à¸¥à¸´à¹ˆà¸™à¸«à¸­à¸¡à¹ƒà¸šà¹€à¸•à¸¢ à¸£à¸ªà¸Šà¸²à¸•à¸´à¸«à¸§à¸²à¸™à¸à¸³à¸¥à¸±à¸‡à¸”à¸µ à¹„à¸¡à¹ˆà¹à¸ªà¸šà¸„à¸­<br />\r\n<br />\r\n2. à¹€à¸™à¸¢à¸ªà¸±à¸‡à¸‚à¸¢à¸²à¹„à¸‚à¹ˆ 20.-<br />\r\n<img class="responsive-img" src = "http://f.ptcdn.info/961/041/000/o5xtftxsf961ZJP0F9P-o.jpg"><br />\r\n<br />\r\n<br />\r\n<blockquote><h5>" CREDIT: <a href="http://m.pantip.com/topic/35060607">Link</a> "</h5></blockquote>', 'imgs/cover4.jpg', '2016-04-22 12:22:49', NULL),
(15, 1, 4, '[CR]à¸£à¸µà¸§à¸´à¸§ à¸‚à¸™à¸¡à¸›à¸±à¸‡à¸›à¸´à¹‰à¸‡ "à¸¡à¸™à¸•à¹Œ à¸™à¸¡à¸ªà¸”" à¸—à¸¸à¸à¸«à¸™à¹‰à¸² à¸—à¸±à¹‰à¸‡à¸«à¸¡à¸” 9 à¸«à¸™à¹‰à¸²!!!', 'à¸ªà¸§à¸±à¸ªà¸”à¸µà¸„à¹ˆà¸°à¹€à¸žà¸·à¹ˆà¸­à¸™à¹†à¸Šà¸²à¸§ pantip à¸™à¸µà¹ˆà¹€à¸›à¹‡à¸™à¸à¸£à¸°à¸—à¸¹à¹‰à¸£à¸µà¸§à¸´à¸§à¸­à¸²à¸«à¸²à¸£à¸à¸£à¸°à¸—à¸¹à¹‰à¸—à¸µà¹ˆ 3 à¸‚à¸­à¸‡à¹à¸šà¸¡à¹à¸¥à¹‰à¸§à¸„à¹ˆà¸²<br />\r\n<img class="responsive-img" src = "http://f.ptcdn.info/960/041/000/o5xswpo02bGnKUoiHMP-o.jpg"><br />\r\nà¹à¸šà¸¡à¹€à¸Šà¸·à¹ˆà¸­à¸§à¹ˆà¸² à¸—à¸¸à¸à¸„à¸™(à¸«à¸£à¸·à¸­à¸ªà¹ˆà¸§à¸™à¹ƒà¸«à¸à¹ˆ)à¸—à¸µà¹ˆà¸­à¸¢à¸¹à¹ˆà¹€à¸¡à¸·à¸­à¸‡à¹„à¸—à¸¢à¸™à¹ˆà¸²à¸ˆà¸°à¸£à¸¹à¹‰à¸ˆà¸±à¸à¹à¸¥à¸°à¹€à¸„à¸¢à¸—à¸²à¸™ à¸‚à¸™à¸¡à¸›à¸±à¸‡à¸›à¸´à¹‰à¸‡à¸Šà¸·à¹ˆà¸­à¸”à¸±à¸‡à¸­à¸¢à¹ˆà¸²à¸‡ "à¸¡à¸™à¸•à¹Œ à¸™à¸¡à¸ªà¸”" à¹à¸šà¸¡à¹€à¸­à¸‡à¸à¹‡à¹€à¸Šà¹ˆà¸™à¸à¸±à¸™à¸„à¹ˆà¸° à¸™à¸µà¹ˆà¹„à¸¡à¹ˆà¹ƒà¸Šà¹ˆà¸à¸²à¸£à¸—à¸²à¸™à¸¡à¸™à¸•à¹Œà¸™à¸¡à¸ªà¸”à¸„à¸£à¸±à¹‰à¸‡à¹à¸£à¸à¸‚à¸­à¸‡à¹à¸šà¸¡ à¹à¸•à¹ˆ!!! à¹€à¸›à¹‡à¸™à¸„à¸£à¸±à¹‰à¸‡à¹à¸£à¸à¸—à¸µà¹ˆà¹à¸šà¸¡à¸¥à¸­à¸‡à¸—à¸²à¸™à¸—à¸¸à¸à¸«à¸™à¹‰à¸² à¸—à¸±à¹‰à¸‡à¸«à¸¡à¸” 9 à¸«à¸™à¹‰à¸² (à¹à¸„à¸¥à¸­à¸£à¸µà¹ˆà¸žà¸¸à¹ˆà¸‡à¸­à¸µà¸à¹à¸¥à¹‰à¸§ à¹à¸®à¹ˆ 55555) à¸–à¹‰à¸²à¸žà¸£à¹‰à¸­à¸¡à¹à¸¥à¹‰à¸§à¸à¹‡à¸•à¸²à¸¡à¸¡à¸²à¸Šà¸¡à¸à¸±à¸™à¹€à¸¥à¸¢à¸„à¹ˆà¸²<br />\r\n<br />\r\nà¹€à¸à¸£à¸´à¹ˆà¸™à¸–à¸¶à¸‡à¸£à¹‰à¸²à¸™à¸¡à¸™à¸•à¹Œà¸™à¸¡à¸ªà¸”à¸ªà¸±à¸à¸«à¸™à¹ˆà¸­à¸¢à¸™à¸°à¸„à¸° à¸£à¹‰à¸²à¸™à¸™à¸µà¹‰à¸žà¹ˆà¸­à¹à¸¡à¹ˆà¹à¸šà¸¡à¸—à¸²à¸™à¸•à¸±à¹‰à¸‡à¹à¸•à¹ˆà¸ªà¸¡à¸±à¸¢à¸¢à¸±à¸‡à¸«à¸™à¸¸à¹ˆà¸¡à¸ªà¸²à¸§à¹€à¸¥à¸¢à¸„à¹ˆà¸° à¸žà¹ˆà¸­à¹à¸¡à¹ˆà¹€à¸¥à¹ˆà¸²à¹ƒà¸«à¹‰à¸Ÿà¸±à¸‡à¸§à¹ˆà¸²à¹€à¸¡à¸·à¹ˆà¸­à¸à¹ˆà¸­à¸™à¹€à¸›à¹‡à¸™à¸£à¸–à¹€à¸‚à¹‡à¸™à¹€à¸¥à¹‡à¸à¹† à¹„à¸¡à¹ˆà¹„à¸”à¹‰à¹€à¸›à¹‡à¸™à¸£à¹‰à¸²à¸™à¹ƒà¸«à¸à¹ˆà¹‚à¸•à¹à¸¥à¸°à¸¡à¸µà¸«à¸¥à¸²à¸¢à¸ªà¸²à¸‚à¸²à¹à¸šà¸šà¸ªà¸¡à¸±à¸¢à¸™à¸µà¹‰à¸„à¹ˆà¸° à¸ªà¸²à¸‚à¸²à¸—à¸µà¹ˆà¹à¸šà¸¡à¹„à¸›à¸§à¸±à¸™à¸™à¸µà¹‰à¸à¹‡à¸„à¸·à¸­ à¸ªà¸²à¸‚à¸²à¸­à¸­à¸£à¸´à¸ˆà¸´à¸™à¸±à¸¥à¸‚à¸­à¸‡à¸—à¸µà¹ˆà¸™à¸µà¹ˆà¹€à¸¥à¸¢à¸„à¹ˆà¸° à¸ªà¸²à¸‚à¸² à¸«à¸™à¹‰à¸²à¸¨à¸²à¸¥à¸²à¸§à¹ˆà¸²à¸à¸²à¸£ à¸à¸—à¸¡. à¸•à¸£à¸‡à¸–à¸™à¸™à¸”à¸´à¸™à¸ªà¸­à¸™à¸±à¹ˆà¸™à¹€à¸­à¸‡à¸„à¹ˆà¸² (à¹€à¸›à¸´à¸”à¸šà¸£à¸´à¸à¸²à¸£à¸—à¸¸à¸à¸§à¸±à¸™ : 14.00 à¸™. - 23.00 à¸™.) à¹à¸šà¸¡à¸¡à¸²à¸–à¸¶à¸‡à¸›à¸£à¸°à¸¡à¸²à¸“ 4 à¹‚à¸¡à¸‡à¹€à¸¢à¹‡à¸™ à¸„à¸™à¹€à¸¢à¸­à¸°à¹€à¸«à¸¡à¸·à¸­à¸™à¹€à¸”à¸´à¸¡à¸„à¹ˆà¸° 5555555 à¹à¸•à¹ˆà¹„à¸¡à¹ˆà¹€à¸„à¸¢à¸£à¸­à¸™à¸²à¸™ à¸—à¸µà¹ˆà¸™à¸µà¹ˆà¹€à¸„à¹‰à¸²à¸—à¸³à¹€à¸£à¹‡à¸§à¸¡à¸²à¸à¸‚à¸­à¸šà¸­à¸<br />\r\n<br />\r\nà¸¡à¸²à¹€à¸£à¸´à¹ˆà¸¡à¸à¸±à¸™à¸—à¸µà¹ˆà¸•à¸±à¸§à¸‚à¸™à¸¡à¸›à¸±à¸‡à¸›à¸´à¹‰à¸‡à¹€à¸¥à¸¢à¸™à¸°à¸„à¸° à¹à¸šà¸¡à¸Šà¸­à¸šà¸‚à¸™à¸¡à¸›à¸±à¸‡à¸›à¸´à¹‰à¸‡à¸‚à¸­à¸‡à¸—à¸µà¹ˆà¸™à¸µà¹ˆà¸¡à¸²à¸à¸„à¹ˆà¸° à¸•à¸±à¸§à¸‚à¸™à¸¡à¸›à¸±à¸‡à¸à¸£à¸­à¸šà¸™à¸¸à¹ˆà¸¡à¸à¸³à¸¥à¸±à¸‡à¸”à¸µ à¸—à¸²à¹€à¸™à¸¢à¸«à¸­à¸¡à¹† à¹€à¸ªà¸´à¸£à¹Œà¸Ÿà¹à¸šà¸šà¸­à¸¸à¹ˆà¸™à¹† à¸—à¸´à¹‰à¸‡à¹„à¸§à¹‰à¸ªà¸±à¸à¸žà¸±à¸à¸à¹‡à¸¢à¸±à¸‡à¹„à¸¡à¹ˆà¹€à¸«à¸™à¸µà¸¢à¸§à¸„à¹ˆà¸° à¸–à¸·à¸­à¸§à¹ˆà¸²à¸—à¸³à¹„à¸”à¹‰à¸”à¸µà¸¡à¸²à¸à¹à¸¥à¸°à¹„à¸¡à¹ˆà¸¡à¸µà¹ƒà¸„à¸£à¹€à¸«à¸¡à¸·à¸­à¸™à¹€à¸¥à¸¢à¸„à¹ˆà¸° à¸Šà¸­à¸šà¸¡à¸²à¸à¹†à¹€à¸¥à¸¢<br />\r\n<br />\r\nà¸•à¹ˆà¸­à¹„à¸›à¸ˆà¸°à¹€à¸£à¸´à¹ˆà¸¡à¸£à¸µà¸§à¸´à¸§à¸—à¸µà¸¥à¸°à¸«à¸™à¹‰à¸²à¹à¸¥à¹‰à¸§à¸™à¸°à¸„à¸° à¸•à¸²à¸¡à¸¡à¸²à¹€à¸¥à¸¢à¸„à¹ˆà¸²<br />\r\n1. à¹€à¸™à¸¢à¸ªà¸±à¸‡à¸‚à¸¢à¸²à¹ƒà¸šà¹€à¸•à¸¢ 20.-<br />\r\n<img class="responsive-img" src = "http://f.ptcdn.info/961/041/000/o5xtajma6oA5SsAt7Ut-o.jpg"><br />\r\nà¸£à¸ªà¸™à¸µà¹‰à¸–à¸·à¸­à¹€à¸›à¹‡à¸™à¸‹à¸´à¸à¹€à¸™à¹€à¸ˆà¸­à¸£à¹Œà¸‚à¸­à¸‡à¸£à¹‰à¸²à¸™à¸¡à¸™à¸•à¹Œà¸™à¸¡à¸ªà¸”à¹€à¸¥à¸¢à¸„à¹ˆà¸° à¹€à¸«à¹‡à¸™à¸ªà¸±à¹ˆà¸‡à¸à¸±à¸™à¹à¸—à¸šà¸—à¸¸à¸à¹‚à¸•à¹Šà¸° 555555 à¹€à¸Šà¸·à¹ˆà¸­à¸§à¹ˆà¸²à¸—à¸¸à¸à¸„à¸™à¸—à¸µà¹ˆà¹€à¸„à¸¢à¸à¸´à¸™à¸¡à¸™à¸•à¹Œà¸™à¸¡à¸ªà¸” à¸•à¹‰à¸­à¸‡à¹€à¸„à¸¢à¸à¸´à¸™à¸«à¸™à¹‰à¸²à¸ªà¸±à¸‡à¸‚à¸¢à¸²à¹à¸™à¹ˆà¹† à¸Šà¸­à¸šà¸ªà¸±à¸‡à¸‚à¸¢à¸²à¸‚à¸­à¸‡à¸—à¸µà¹ˆà¸™à¸µà¹ˆà¸™à¸°à¸„à¸° à¹€à¸™à¸·à¹‰à¸­à¹€à¸™à¸µà¸¢à¸™à¸™à¸¸à¹ˆà¸¡ à¸à¸¥à¸´à¹ˆà¸™à¸«à¸­à¸¡à¹ƒà¸šà¹€à¸•à¸¢ à¸£à¸ªà¸Šà¸²à¸•à¸´à¸«à¸§à¸²à¸™à¸à¸³à¸¥à¸±à¸‡à¸”à¸µ à¹„à¸¡à¹ˆà¹à¸ªà¸šà¸„à¸­<br />\r\n<br />\r\n2. à¹€à¸™à¸¢à¸ªà¸±à¸‡à¸‚à¸¢à¸²à¹„à¸‚à¹ˆ 20.-<br />\r\n<img class="responsive-img" src = "http://f.ptcdn.info/961/041/000/o5xtftxsf961ZJP0F9P-o.jpg"><br />\r\n<br />\r\n<br />\r\n<blockquote><h5>" CREDIT: <a href="http://m.pantip.com/topic/35060607">Link</a> "</h5></blockquote>', 'imgs/o5xswpo02bGnKUoiHMP-o.jpg', '2016-04-22 12:24:14', NULL);

--
-- Indexes for dumped tables
--

--
-- Indexes for table `Comments`
--
ALTER TABLE `Comments`
  ADD PRIMARY KEY (`Comment_ID`),
  ADD KEY `Review_ID` (`Review_ID`),
  ADD KEY `Comment_auther` (`Comment_auther`);

--
-- Indexes for table `Deleted_Requests`
--
ALTER TABLE `Deleted_Requests`
  ADD KEY `Request_ID` (`Request_ID`),
  ADD KEY `Admin_ID` (`Admin_ID`);

--
-- Indexes for table `DEL_COMM_Request`
--
ALTER TABLE `DEL_COMM_Request`
  ADD KEY `Request_ID` (`Request_ID`),
  ADD KEY `Comment_ID` (`Comment_ID`);

--
-- Indexes for table `DEL_MEM_Request`
--
ALTER TABLE `DEL_MEM_Request`
  ADD KEY `Request_ID` (`Request_ID`),
  ADD KEY `Member_ID` (`Member_ID`);

--
-- Indexes for table `DEL_REVIEW_Request`
--
ALTER TABLE `DEL_REVIEW_Request`
  ADD KEY `Request_ID` (`Request_ID`),
  ADD KEY `Review_ID` (`Review_ID`);

--
-- Indexes for table `Hot_reviews`
--
ALTER TABLE `Hot_reviews`
  ADD PRIMARY KEY (`Num`),
  ADD KEY `Review_ID` (`Review_ID`);

--
-- Indexes for table `Members`
--
ALTER TABLE `Members`
  ADD PRIMARY KEY (`ID`);

--
-- Indexes for table `Requests`
--
ALTER TABLE `Requests`
  ADD PRIMARY KEY (`Request_ID`),
  ADD KEY `Member_ID` (`Member_ID`);

--
-- Indexes for table `Reviews`
--
ALTER TABLE `Reviews`
  ADD PRIMARY KEY (`ID`),
  ADD KEY `Auther_ID` (`Auther_ID`);

--
-- AUTO_INCREMENT for dumped tables
--

--
-- AUTO_INCREMENT for table `Comments`
--
ALTER TABLE `Comments`
  MODIFY `Comment_ID` int(11) NOT NULL AUTO_INCREMENT, AUTO_INCREMENT=32;
--
-- AUTO_INCREMENT for table `Hot_reviews`
--
ALTER TABLE `Hot_reviews`
  MODIFY `Num` int(11) NOT NULL AUTO_INCREMENT, AUTO_INCREMENT=5;
--
-- AUTO_INCREMENT for table `Members`
--
ALTER TABLE `Members`
  MODIFY `ID` int(11) NOT NULL AUTO_INCREMENT, AUTO_INCREMENT=4;
--
-- AUTO_INCREMENT for table `Requests`
--
ALTER TABLE `Requests`
  MODIFY `Request_ID` int(11) NOT NULL AUTO_INCREMENT, AUTO_INCREMENT=8;
--
-- AUTO_INCREMENT for table `Reviews`
--
ALTER TABLE `Reviews`
  MODIFY `ID` int(11) NOT NULL AUTO_INCREMENT, AUTO_INCREMENT=16;
--
-- Constraints for dumped tables
--

--
-- Constraints for table `Comments`
--
ALTER TABLE `Comments`
  ADD CONSTRAINT `Comments_ibfk_1` FOREIGN KEY (`Review_ID`) REFERENCES `Reviews` (`ID`),
  ADD CONSTRAINT `Comments_ibfk_2` FOREIGN KEY (`Comment_auther`) REFERENCES `Members` (`ID`);

--
-- Constraints for table `Deleted_Requests`
--
ALTER TABLE `Deleted_Requests`
  ADD CONSTRAINT `Deleted_Requests_ibfk_1` FOREIGN KEY (`Request_ID`) REFERENCES `Requests` (`Request_ID`),
  ADD CONSTRAINT `Deleted_Requests_ibfk_2` FOREIGN KEY (`Admin_ID`) REFERENCES `Members` (`ID`);

--
-- Constraints for table `DEL_COMM_Request`
--
ALTER TABLE `DEL_COMM_Request`
  ADD CONSTRAINT `DEL_COMM_Request_ibfk_1` FOREIGN KEY (`Request_ID`) REFERENCES `Requests` (`Request_ID`),
  ADD CONSTRAINT `DEL_COMM_Request_ibfk_2` FOREIGN KEY (`Comment_ID`) REFERENCES `Comments` (`Comment_ID`);

--
-- Constraints for table `DEL_MEM_Request`
--
ALTER TABLE `DEL_MEM_Request`
  ADD CONSTRAINT `DEL_MEM_Request_ibfk_1` FOREIGN KEY (`Request_ID`) REFERENCES `Requests` (`Request_ID`),
  ADD CONSTRAINT `DEL_MEM_Request_ibfk_2` FOREIGN KEY (`Member_ID`) REFERENCES `Members` (`ID`);

--
-- Constraints for table `DEL_REVIEW_Request`
--
ALTER TABLE `DEL_REVIEW_Request`
  ADD CONSTRAINT `DEL_REVIEW_Request_ibfk_1` FOREIGN KEY (`Request_ID`) REFERENCES `Requests` (`Request_ID`),
  ADD CONSTRAINT `DEL_REVIEW_Request_ibfk_2` FOREIGN KEY (`Review_ID`) REFERENCES `Reviews` (`ID`);

--
-- Constraints for table `Hot_reviews`
--
ALTER TABLE `Hot_reviews`
  ADD CONSTRAINT `Hot_reviews_ibfk_1` FOREIGN KEY (`Review_ID`) REFERENCES `Reviews` (`ID`);

--
-- Constraints for table `Requests`
--
ALTER TABLE `Requests`
  ADD CONSTRAINT `Requests_ibfk_1` FOREIGN KEY (`Member_ID`) REFERENCES `Members` (`ID`);

--
-- Constraints for table `Reviews`
--
ALTER TABLE `Reviews`
  ADD CONSTRAINT `Reviews_ibfk_1` FOREIGN KEY (`Auther_ID`) REFERENCES `Members` (`ID`);

/*!40101 SET CHARACTER_SET_CLIENT=@OLD_CHARACTER_SET_CLIENT */;
/*!40101 SET CHARACTER_SET_RESULTS=@OLD_CHARACTER_SET_RESULTS */;
/*!40101 SET COLLATION_CONNECTION=@OLD_COLLATION_CONNECTION */;
