-- phpMyAdmin SQL Dump
-- version 4.5.3.1
-- http://www.phpmyadmin.net
--
-- Host: localhost
-- Generation Time: Apr 24, 2016 at 09:48 AM
-- Server version: 5.7.10
-- PHP Version: 7.0.1-1+deb.sury.org~trusty+2

SET SQL_MODE = "NO_AUTO_VALUE_ON_ZERO";
SET time_zone = "+07:00";


/*!40101 SET @OLD_CHARACTER_SET_CLIENT=@@CHARACTER_SET_CLIENT */;
/*!40101 SET @OLD_CHARACTER_SET_RESULTS=@@CHARACTER_SET_RESULTS */;
/*!40101 SET @OLD_COLLATION_CONNECTION=@@COLLATION_CONNECTION */;
/*!40101 SET NAMES utf8mb4 */;

--
-- Database: `TripOrTrick`
--

-- --------------------------------------------------------

--
-- Table structure for table `Comments`
--

CREATE TABLE `Comments` (
  `Comment_ID` int(11) NOT NULL,
  `Review_ID` int(11) NOT NULL,
  `Comment_date` datetime NOT NULL,
  `Comment_details` text COLLATE utf8_unicode_ci NOT NULL,
  `Comment_auther` int(11) DEFAULT NULL
) ENGINE=InnoDB DEFAULT CHARSET=utf8 COLLATE=utf8_unicode_ci;

--
-- Dumping data for table `Comments`
--

INSERT INTO `Comments` (`Comment_ID`, `Review_ID`, `Comment_date`, `Comment_details`, `Comment_auther`) VALUES
(17, 12, '2016-03-17 11:33:47', 'hello world<br />\r\nhello world<br />\r\nhello world<br />\r\nhello worldhello worldhello world<br />\r\nhello world<br />\r\nhello worldhello world<br />\r\nhello worldhello world<br />\r\nvvhello world', 1),
(18, 12, '2016-03-17 11:38:40', '<div class="container"><div class="video-container">\n          <iframe width="200" height="100" src="//www.youtube.com/embed/v0EWQKWEWy4?rel=0" frameborder="0" allowfullscreen></iframe>\n      </div></div>', 3),
(21, 3, '2016-03-17 11:40:13', '<img class="responsive-img" src = "http://images.entertainment.ie/images_content/rectangle/620x372/success-kid.jpg"><br />\r\n<br />\r\nd krub', 1),
(22, 9, '2016-03-17 11:40:29', 'dddd', 2),
(23, 12, '2016-03-17 11:43:45', '2*4', 2),
(25, 12, '2016-03-18 12:23:40', 'kkk', 3),
(26, 12, '2016-03-18 12:24:53', 'kkk2', 3),
(27, 12, '2016-03-18 12:30:14', 'asd', 3),
(29, 11, '2016-04-18 03:01:57', 'sawatdee', 2),
(30, 11, '2016-04-18 03:02:17', '<div class = "center-align">comment2</div>', 2),
(31, 15, '2016-04-22 12:41:50', 'à¸™à¸µà¹ˆà¸„à¸·à¸­à¸„à¸­à¸¡à¹€à¸¡à¹‰à¸™à¸•à¹Œà¸™à¸µà¹ˆà¸„à¸·à¸­à¸„à¸­à¸¡à¹€à¸¡à¹‰à¸™à¸•à¹Œà¸™à¸µà¹ˆà¸„à¸·à¸­à¸„à¸­à¸¡à¹€à¸¡à¹‰à¸™à¸•à¹Œà¸™à¸µà¹ˆà¸„à¸·à¸­à¸„à¸­à¸¡à¹€à¸¡à¹‰à¸™à¸•à¹Œà¸™à¸µà¹ˆà¸„à¸·à¸­à¸„à¸­à¸¡à¹€à¸¡à¹‰à¸™à¸•à¹Œà¸™à¸µà¹ˆà¸„à¸·à¸­à¸„à¸­à¸¡à¹€à¸¡à¹‰à¸™à¸•à¹Œà¸™à¸µà¹ˆà¸„à¸·à¸­à¸„à¸­à¸¡à¹€à¸¡à¹‰à¸™à¸•à¹Œà¸™à¸µà¹ˆà¸„à¸·à¸­à¸„à¸­à¸¡à¹€à¸¡à¹‰à¸™à¸•à¹Œà¸™à¸µà¹ˆà¸„à¸·à¸­à¸„à¸­à¸¡à¹€à¸¡à¹‰à¸™à¸•à¹Œà¸™à¸µà¹ˆà¸„à¸·à¸­à¸„à¸­à¸¡à¹€à¸¡à¹‰à¸™à¸•à¹Œà¸™à¸µà¹ˆà¸„à¸·à¸­à¸„à¸­à¸¡à¹€à¸¡à¹‰à¸™à¸•à¹Œà¸™à¸µà¹ˆà¸„à¸·à¸­à¸„à¸­à¸¡à¹€à¸¡à¹‰à¸™à¸•à¹Œà¸™à¸µà¹ˆà¸„à¸·à¸­à¸„à¸­à¸¡à¹€à¸¡à¹‰à¸™à¸•à¹Œà¸™à¸µà¹ˆà¸„à¸·à¸­à¸„à¸­à¸¡à¹€à¸¡à¹‰à¸™à¸•à¹Œà¸™à¸µà¹ˆà¸„à¸·à¸­à¸„à¸­à¸¡à¹€à¸¡à¹‰à¸™à¸•à¹Œà¸™à¸µà¹ˆà¸„à¸·à¸­à¸„à¸­à¸¡à¹€à¸¡à¹‰à¸™à¸•à¹Œà¸™à¸µà¹ˆà¸„à¸·à¸­à¸„à¸­à¸¡à¹€à¸¡à¹‰à¸™à¸•à¹Œà¸™à¸µà¹ˆà¸„à¸·à¸­à¸„à¸­à¸¡à¹€à¸¡à¹‰à¸™à¸•à¹Œà¸™à¸µà¹ˆà¸„à¸·à¸­à¸„à¸­à¸¡à¹€à¸¡à¹‰à¸™à¸•à¹Œ', 2),
(32, 12, '2016-04-24 01:07:02', 'à¸Ÿà¸«à¸à¸«à¸Ÿà¸”', 2),
(33, 1, '2016-04-24 01:31:45', 'asdsf', 2),
(34, 1, '2016-04-24 01:31:48', 'asdf', 2),
(35, 1, '2016-04-24 01:32:00', 'dasf', 2),
(36, 1, '2016-04-24 01:32:03', 'asf', 2),
(37, 1, '2016-04-24 02:02:25', 'asdsf', 4),
(38, 1, '2016-04-24 02:02:37', 'fasg', 4),
(39, 12, '2016-04-24 02:04:39', 'hello', 4),
(40, 16, '2016-04-24 04:09:48', 'à¸—à¸µà¹ˆà¹„à¸«à¸™à¹„à¸¡à¹ˆà¸”à¸µ à¹€à¸£à¸²à¸à¹‡à¹„à¸¡à¹ˆà¹„à¸›', 5),
(41, 16, '2016-04-24 04:11:04', 'à¹€à¸„à¸¢à¹„à¸› 2 à¸„à¸£à¸±à¹‰à¸‡ à¹‚à¸­à¹€à¸„ à¸—à¸±à¹‰à¸‡ 2 à¸„à¸£à¸±à¹‰à¸‡à¸™à¸°à¸„à¸°  à¹à¸•à¹ˆà¹„à¸¡à¹ˆà¹„à¸”à¹‰à¹„à¸›à¸”à¸¶à¸à¹à¸šà¸š à¸ˆà¸‚à¸à¸— à¸„à¸£à¸±à¹‰à¸‡à¹à¸£à¸à¹„à¸› 18.30 à¸„à¸£à¸±à¹‰à¸‡à¸—à¸µà¹ˆ 2 19.30 à¸šà¸£à¸´à¸à¸²à¸£à¸”à¸µà¸­à¸¢à¸¹à¹ˆà¸„à¹ˆà¸°  à¹„à¸¡à¹ˆà¹à¸™à¹ˆà¹ƒà¸ˆà¸§à¹ˆà¸² à¹€à¸žà¸£à¸²à¸° à¹„à¸›à¸•à¸­à¸™à¸„à¸£à¸±à¸§à¸›à¸´à¸” à¹€à¸„à¹‰à¸²à¹„à¸¡à¹ˆà¸à¸¥à¹‰à¸²à¸›à¸à¸´à¹€à¸ªà¸˜  à¹à¸•à¹ˆà¹€à¸„à¹‰à¸²à¸à¹‰à¸­à¸—à¸³à¸à¸£à¸´à¸¢à¸²à¹„à¸¡à¹ˆà¸”à¸µà¹ƒà¸ªà¹ˆ à¸ˆà¸‚à¸à¸— à¸”à¹‰à¸§à¸¢ à¹à¸¢à¹ˆà¸ˆà¸±à¸‡', 2),
(42, 16, '2016-04-24 04:11:33', 'à¸—à¸³à¹„à¸¡à¹€à¸£à¸²à¸–à¸¶à¸‡à¸­à¹ˆà¸²à¸™à¹à¸¥à¹‰à¸§à¸ªà¸‡à¸ªà¸²à¸£à¸žà¸™à¸±à¸à¸‡à¸²à¸™à¸ˆà¸±à¸‡ à¹€à¸¡à¸·à¹ˆà¸­à¸£à¹‰à¸²à¸™à¹ƒà¸à¸¥à¹‰à¸›à¸´à¸” à¸žà¸™à¸±à¸à¸‡à¸²à¸™à¸—à¸µà¹ˆà¹€à¸«à¸™à¸·à¹ˆà¸­à¸¢à¸¥à¹‰à¸²à¸à¹‡à¸­à¸¢à¸²à¸à¸à¸¥à¸±à¸šà¹„à¸›à¸žà¸±à¸à¸œà¹ˆà¸­à¸™à¹à¸¥à¹‰à¸§<br />\r\nà¸–à¹‰à¸²à¹€à¸„à¹‰à¸²à¹à¸ˆà¹‰à¸‡à¸§à¹ˆà¸²à¸„à¸£à¸±à¸§à¹ƒà¸à¸¥à¹‰à¸›à¸´à¸” à¹€à¸£à¸²à¸à¹‡à¸„à¸‡à¸‚à¸­à¸à¸¥à¸±à¸šà¹à¸¥à¹‰à¸§à¸¥à¹ˆà¸° à¸­à¸µà¸ 10 à¸™à¸²à¸—à¸µ à¸•à¸­à¸™à¸™à¸±à¹‰à¸™ à¸•à¹ˆà¸­à¹ƒà¸«à¹‰à¹€à¸•à¸£à¸µà¸¢à¸¡à¸­à¸²à¸«à¸²à¸£à¸à¹‡à¹€à¸à¸´à¸™ à¹€à¸§à¸¥à¸²à¹à¸¥à¹‰à¸§<br />\r\nà¸„à¸¸à¸“à¹„à¸¡à¹ˆà¸¡à¸µà¸„à¸§à¸²à¸¡à¸£à¸¹à¹‰à¸ªà¸¶à¸à¹€à¸«à¹‡à¸™à¹ƒà¸ˆà¸„à¸™à¸­à¸·à¹ˆà¸™à¸«à¸£à¸·à¸­à¹„à¸‡ à¹ƒà¸ˆà¹€à¸„à¹‰à¸²à¸à¹‡à¹ƒà¸ˆà¹€à¸£à¸² à¸™à¸° à¹€à¸£à¸²à¸§à¹ˆà¸²<br />\r\n', 4),
(43, 16, '2016-04-24 04:12:25', 'à¹€à¸­à¸²à¹€à¸›à¹‡à¸™à¸§à¹ˆà¸²à¸‚à¸­à¸Ÿà¸±à¸‡à¸«à¸¹à¹„à¸§à¹‰à¸«à¸¹à¹à¸¥à¹‰à¸§à¸à¸±à¸™à¸™à¸°à¸„à¸£à¸±à¸šà¹€à¸žà¸£à¸²à¸°à¸ˆà¸‚à¸à¸—.à¹€à¸¥à¹ˆà¸²à¸à¹ˆà¸²à¸¢à¹€à¸”à¸µà¸¢à¸§ à¹à¸¥à¹‰à¸§à¸”à¸¹à¸—à¹ˆà¸²à¸à¹‡à¹„à¸¡à¹ˆà¹€à¸šà¸²à¹€à¸«à¸¡à¸·à¸­à¸™à¸à¸±à¸™à¸‚à¸™à¸²à¸”à¸¥à¸¸à¸à¹„à¸›à¸–à¸²à¸¡à¹€à¸£à¸·à¹ˆà¸­à¸‡à¸—à¸´à¸Šà¸Šà¸¹à¹ˆà¸–à¸¶à¸‡à¹€à¸„à¸²à¸™à¹Œà¹€à¸•à¸­à¸£à¹Œà¹€à¸¥à¸¢ à¹€à¸¥à¸¢à¹„à¸¡à¹ˆà¹à¸™à¹ˆà¹ƒà¸ˆà¸§à¹ˆà¸²à¸ˆà¸°à¸¡à¸µà¸à¸´à¸£à¸´à¸¢à¸²à¸«à¸£à¸·à¸­à¸„à¸³à¸žà¸¹à¸”à¸—à¸µà¹ˆà¸ˆà¸‚à¸à¸—.à¹„à¸¡à¹ˆà¹„à¸”à¹‰à¹€à¸¥à¹ˆà¸²à¸«à¸£à¸·à¸­à¸­à¸²à¸ˆà¸ˆà¸°à¸—à¸³à¹„à¸›à¹‚à¸”à¸¢à¹„à¸¡à¹ˆà¸£à¸¹à¹‰à¸•à¸±à¸§à¸­à¸·à¹ˆà¸™à¹† à¸«à¸£à¸·à¸­à¹€à¸›à¸¥à¹ˆà¸²<br />\r\n<br />\r\nà¸›à¸¥.à¸—à¸³à¹„à¸¡à¸à¸£à¸°à¸—à¸¹à¹‰à¸à¹ˆà¸­à¸™à¸ˆà¸‚à¸à¸—.à¹€à¸›à¹‡à¸™à¸œà¸¹à¹‰à¸«à¸à¸´à¸‡ à¹à¸•à¹ˆà¸à¸£à¸°à¸—à¸¹à¹‰à¸™à¸µà¹‰à¹€à¸«à¸¡à¸·à¸­à¸™à¸ˆà¸°à¹€à¸›à¹‡à¸™à¸œà¸¹à¹‰à¸Šà¸²à¸¢à¹à¸¥à¹‰à¸§à¸¥à¹ˆà¸°à¸„à¸£à¸±à¸š', 2),
(44, 16, '2016-04-24 04:12:40', 'à¹€à¸£à¸²à¸—à¸³à¸‡à¸²à¸™à¸£à¹‰à¸²à¸™à¸­à¸²à¸«à¸²à¸£ à¸ˆà¸°à¹à¸­à¸šà¸™à¸­à¸¢à¸¡à¸²à¸à¸–à¹‰à¸²à¸¥à¸¹à¸à¸„à¹‰à¸²à¹€à¸‚à¹‰à¸²à¸¡à¸²à¸à¹ˆà¸­à¸™à¹€à¸§à¸¥à¸²à¸›à¸´à¸”à¸£à¹‰à¸²à¸™à¸™à¸´à¸”à¸«à¸™à¹ˆà¸­à¸¢  à¹€à¸žà¸£à¸²à¸°à¸¥à¸¹à¸à¸„à¹‰à¸²à¹€à¸‚à¹‰à¸²à¸Šà¹‰à¸² à¸™à¸±à¹ˆà¸™à¸«à¸¡à¸²à¸¢à¸„à¸§à¸²à¸¡à¸§à¹ˆà¸²à¹€à¸£à¸²à¸•à¹‰à¸­à¸‡à¸—à¸³à¸‡à¸²à¸™à¹ƒà¸«à¹‰à¹€à¸ªà¸£à¹‡à¸ˆà¸à¹ˆà¸­à¸™à¸à¸¥à¸±à¸š<br />\r\n<br />\r\nà¸£à¹‰à¸²à¸™à¸—à¸µà¹ˆà¹€à¸£à¸²à¸—à¸³à¸›à¸´à¸” à¸ªà¸µà¹ˆà¸—à¸¸à¹ˆà¸¡ à¸šà¸²à¸‡à¸„à¸£à¸±à¹‰à¸‡à¸¥à¸¹à¸à¸„à¹‰à¸²à¹€à¸‚à¹‰à¸² à¸ªà¸²à¸¡à¸—à¸¸à¹ˆà¸¡à¸„à¸£à¸¶à¹ˆà¸‡ à¸ªà¸±à¹ˆà¸‡à¸­à¸­à¸£à¹Œà¹€à¸”à¸´à¸£à¸Ÿ à¹à¸¥à¹‰à¸§à¸­à¸²à¸«à¸²à¸£à¸«à¸™à¸±à¸ à¸¢à¸±à¸‡à¸¡à¸µà¹„à¸§à¸™à¹Œà¸­à¸µà¸ à¸‹à¸¶à¹ˆà¸‡à¸„à¸™à¸”à¸·à¹ˆà¸¡à¸à¹‡à¸™à¸±à¹ˆà¸‡à¸à¸±à¸™à¸¢à¸²à¸§à¹†à¸—à¸±à¹‰à¸‡à¸™à¸±à¹‰à¸™ à¹à¸–à¸¡à¸§à¸±à¸™à¸™à¸±à¹‰à¸™à¸¥à¸¹à¸à¸„à¹‰à¸²à¸”à¸·à¹ˆà¸¡ 2 à¸‚à¸§à¸”<br />\r\n(à¹€à¸£à¸²à¸­à¸¢à¸¹à¹ˆ à¸•à¸›à¸— à¸•à¹‰à¸­à¸‡à¹à¸¢à¸à¹€à¸ªà¸´à¸£à¸Ÿà¸‚à¸­à¸‡à¸§à¹ˆà¸²à¸‡ à¸­à¸²à¸«à¸²à¸£à¸«à¸™à¸±à¸ à¹à¸¥à¹‰à¸§à¸‚à¸­à¸‡à¸«à¸§à¸²à¸™à¹€à¸›à¹‡à¸™à¸„à¸­à¸£à¹Œà¸ªà¹†à¹„à¸›)<br />\r\n<br />\r\nà¸§à¸±à¸™à¸™à¸±à¹‰à¸™à¸¥à¸¹à¸à¸„à¹‰à¸²à¸­à¸­à¸à¸«à¹‰à¸²à¸—à¸¸à¹ˆà¸¡à¸„à¸£à¸¶à¹ˆà¸‡ à¹à¸¥à¹‰à¸§à¹€à¸£à¸²à¸¢à¸±à¸‡à¸•à¹‰à¸­à¸‡à¹€à¸à¹‡à¸šà¸¥à¹‰à¸²à¸‡à¸—à¸¸à¸à¸­à¸¢à¹ˆà¸²à¸‡à¸«à¸¥à¸±à¸‡à¸¥à¸¹à¸à¸„à¹‰à¸²à¸­à¸­à¸à¸™à¸°à¸„à¸°  à¹à¸à¹‰à¸§ à¸ˆà¸²à¸™ à¸Šà¹‰à¸­à¸™ à¸ˆà¸±à¸”à¹‚à¸•à¹Šà¸°à¸­à¸µà¸ à¸„à¸·à¸­à¹„à¸¡à¹ˆà¹€à¸«à¸¡à¸·à¸­à¸™à¸¥à¸¹à¸à¸„à¹‰à¸²à¸—à¸µà¹ˆà¸ˆà¹ˆà¸²à¸¢à¸•à¸±à¸‡à¸„à¹Œà¹à¸¥à¹‰à¸§à¸à¸¥à¸±à¸š<br />\r\nà¹€à¸£à¸²à¹€à¸ªà¸£à¹‡à¸ˆà¸‡à¸²à¸™à¹€à¸—à¸µà¹ˆà¸¢à¸‡à¸„à¸·à¸™ à¸‹à¸¶à¹ˆà¸‡à¹„à¸”à¹‰à¸—à¸´à¸› 2â‚¬ à¸à¸±à¸šà¸‡à¸²à¸™à¸—à¸µà¹ˆà¹€à¸žà¸´à¹ˆà¸¡à¸¡à¸²à¸ªà¸­à¸‡à¸Šà¸±à¹ˆà¸§à¹‚à¸¡à¸‡(à¹‚à¸”à¸¢à¸—à¸µà¹ˆà¹„à¸¡à¹ˆà¹„à¸”à¹‰à¸„à¹ˆà¸²à¹à¸£à¸‡à¹€à¸žà¸´à¹ˆà¸¡ à¹€à¸žà¸£à¸²à¸°à¹€à¸£à¸—à¸Ÿà¸´à¸à¸‹à¹Œ)  (à¹à¸•à¹ˆà¹€à¸£à¸²à¹„à¸¡à¹ˆà¹€à¸«à¸§à¸µà¹ˆà¸¢à¸‡à¸™à¸°à¸„à¸°)<br />\r\n<br />\r\nà¸„à¸·à¸­à¸­à¸¢à¸²à¸à¸ˆà¸°à¸šà¸­à¸à¸§à¹ˆà¸² à¹ƒà¸ˆà¹€à¸„à¹‰à¸²à¹ƒà¸ˆà¹€à¸£à¸²à¸™à¸°à¸„à¸° à¸–à¹‰à¸²à¹€à¸›à¹‡à¸™à¹„à¸›à¹„à¸”à¹‰à¹ƒà¸à¸¥à¹‰à¹€à¸§à¸¥à¸²à¸£à¹‰à¸²à¸™à¸›à¸´à¸”à¸à¹‡à¸­à¸¢à¹ˆà¸²à¹€à¸‚à¹‰à¸²à¹„à¸›à¹€à¸¥à¸¢à¸„à¹ˆà¸°. à¸ªà¸‡à¸ªà¸²à¸£à¸žà¸™à¸±à¸à¸‡à¸²à¸™ à¹€à¸„à¹‰à¸²à¸—à¸³à¸‡à¸²à¸™à¸¡à¸²à¸•à¸¥à¸­à¸”à¸„à¸·à¸™ à¸šà¸²à¸‡à¸„à¸™à¸à¹‡à¸•à¸¥à¸­à¸”à¸—à¸±à¹‰à¸‡à¸§à¸±à¸™ à¸žà¸­à¹€à¸§à¸¥à¸²à¹ƒà¸à¸¥à¹‰à¸›à¸´à¸”à¹ƒà¸ˆà¸à¹‡à¸­à¸¢à¸²à¸à¸à¸¥à¸±à¸šà¸šà¹‰à¸²à¸™ à¸žà¸±à¸à¸œà¹ˆà¸­à¸™à¹à¸¥à¹‰à¸§à¸¥à¹ˆà¸°à¸„à¹ˆà¸°', 2),
(45, 16, '2016-04-24 04:13:46', 'à¹€à¸—à¹ˆà¸²à¸—à¸µà¹ˆà¸­à¹ˆà¸²à¸™à¸”à¸¹ à¸™à¹ˆà¸²à¸ˆà¸°à¸›à¸´à¸”à¸”à¸¶à¸<br />\r\nà¹à¸•à¹ˆà¸ªà¸±à¹ˆà¸‡à¸­à¸²à¸«à¸²à¸£à¹„à¸¡à¹ˆà¹„à¸”à¹‰ à¸–à¹‰à¸²à¹€à¸à¸´à¸™ 23.30 à¸™<br />\r\nà¸™à¹ˆà¸²à¸ˆà¸°à¹€à¸›à¹‡à¸™à¸­à¸¢à¹ˆà¸²à¸‡à¸™à¸±à¹‰à¸™', 1),
(46, 16, '2016-04-24 04:14:00', 'à¸„à¸£à¸±à¸§à¸›à¸´à¸”à¹à¸ªà¸”à¸‡à¸§à¹ˆà¸²à¸£à¹‰à¸²à¸™à¸à¹‡à¹ƒà¸à¸¥à¹‰à¸ˆà¸°à¸›à¸´à¸”à¹à¸¥à¹‰à¸§ à¹€à¸„à¹‰à¸²à¸à¹‡à¸„à¸‡à¸­à¸¢à¸²à¸à¸ˆà¸°à¹€à¸¥à¸´à¸à¸‡à¸²à¸™à¸à¸¥à¸±à¸šà¸šà¹‰à¸²à¸™à¹à¸¥à¹‰à¸§à¸¡à¸±à¹‰à¸‡à¸„à¸£à¸±à¸š<br />\r\nà¸šà¸£à¸£à¸¢à¸²à¸à¸²à¸¨à¸£à¹‰à¸²à¸™à¸™à¹ˆà¸²à¸™à¸±à¹ˆà¸‡à¸§à¸±à¸™à¸«à¸¥à¸±à¸‡à¹€à¸¢à¹‡à¸™à¹† à¸ˆà¸°à¹„à¸›à¸Šà¸´à¸¡à¸‹à¸±à¸à¸«à¸™à¹ˆà¸­à¸¢à¸„à¸£à¸±à¸š', 1),
(47, 7, '2016-04-24 04:41:12', 'à¹„à¸›à¸”à¹‰à¸§à¸¢à¸ˆà¸´', 2);

-- --------------------------------------------------------

--
-- Table structure for table `DEL_COMM_Request`
--

CREATE TABLE `DEL_COMM_Request` (
  `Request_ID` int(11) NOT NULL,
  `Comment_ID` int(11) DEFAULT NULL
) ENGINE=InnoDB DEFAULT CHARSET=utf8 COLLATE=utf8_unicode_ci;

--
-- Dumping data for table `DEL_COMM_Request`
--

INSERT INTO `DEL_COMM_Request` (`Request_ID`, `Comment_ID`) VALUES
(1, NULL),
(3, NULL),
(7, 26),
(15, NULL),
(16, NULL),
(17, NULL),
(18, NULL),
(20, 40),
(21, 44),
(23, 30),
(25, 47);

-- --------------------------------------------------------

--
-- Table structure for table `DEL_MEM_Request`
--

CREATE TABLE `DEL_MEM_Request` (
  `Request_ID` int(11) NOT NULL,
  `Member_ID` int(11) DEFAULT NULL
) ENGINE=InnoDB DEFAULT CHARSET=utf8 COLLATE=utf8_unicode_ci;

--
-- Dumping data for table `DEL_MEM_Request`
--

INSERT INTO `DEL_MEM_Request` (`Request_ID`, `Member_ID`) VALUES
(5, NULL),
(8, 1),
(9, 1),
(10, NULL),
(11, NULL),
(12, NULL),
(24, 4);

-- --------------------------------------------------------

--
-- Table structure for table `DEL_REVIEW_Request`
--

CREATE TABLE `DEL_REVIEW_Request` (
  `Request_ID` int(11) NOT NULL,
  `Review_ID` int(11) DEFAULT NULL
) ENGINE=InnoDB DEFAULT CHARSET=utf8 COLLATE=utf8_unicode_ci;

--
-- Dumping data for table `DEL_REVIEW_Request`
--

INSERT INTO `DEL_REVIEW_Request` (`Request_ID`, `Review_ID`) VALUES
(2, 12),
(6, 12),
(13, NULL),
(14, NULL),
(19, 16),
(22, 11);

-- --------------------------------------------------------

--
-- Table structure for table `Members`
--

CREATE TABLE `Members` (
  `ID` int(11) NOT NULL,
  `Username` varchar(20) COLLATE utf8_unicode_ci NOT NULL,
  `Pass` varchar(32) COLLATE utf8_unicode_ci NOT NULL,
  `sex` varchar(6) COLLATE utf8_unicode_ci NOT NULL,
  `Picture` varchar(128) COLLATE utf8_unicode_ci DEFAULT NULL,
  `Email` varchar(40) COLLATE utf8_unicode_ci NOT NULL,
  `Name` varchar(20) COLLATE utf8_unicode_ci NOT NULL,
  `Surname` varchar(20) COLLATE utf8_unicode_ci NOT NULL,
  `Birthdate` date NOT NULL,
  `isAdmin` tinyint(4) NOT NULL
) ENGINE=InnoDB DEFAULT CHARSET=utf8 COLLATE=utf8_unicode_ci;

--
-- Dumping data for table `Members`
--

INSERT INTO `Members` (`ID`, `Username`, `Pass`, `sex`, `Picture`, `Email`, `Name`, `Surname`, `Birthdate`, `isAdmin`) VALUES
(1, 'nuntjw', 'babb2b837239487f8cf2c5d4cc1adc61', 'Male', 'https://pbs.twimg.com/profile_images/1717956431/BP-headshot-fb-profile-photo_400x400.jpg', 'nunt_504@hotmail.com', 'Nunt', 'Jensathienwong', '2538-07-17', 0),
(2, 'admin', '81dc9bdb52d04dc20036dbd8313ed055', 'Male', 'http://thumbs.dreamstime.com/z/sea-captain-16200769.jpg', 'me@mail.com', 'Nunt', 'Jensathienwong', '1995-07-17', 1),
(3, 'Deleted', '1bc5cbd3d3b59dde03bdf8f53d6755ed', 'Male', 'imgs/banned.jpg', 'asdas@mauk', 'username', 'usersurname', '2016-03-04', 0),
(4, 'bank', '81dc9bdb52d04dc20036dbd8313ed055', 'Male', 'imgs/kim-jaya.jpg', 'me@mail.com', 'banksan', 'knab', '2016-04-23', 0),
(5, 'member1', '81dc9bdb52d04dc20036dbd8313ed055', 'Male', 'imgs/278553_300x300.jpg', 'me@mail.com', 'jack', 'theripper', '1551-12-31', 0),
(6, 'Deleted', '1bc5cbd3d3b59dde03bdf8f53d6755ed', 'Female', 'imgs/banned.jpg', '1w3sdd@fsdqr', '/1@!#56!^v', '@^FGSDF12e4?Xz', '2234-12-31', 0);

-- --------------------------------------------------------

--
-- Table structure for table `Requests`
--

CREATE TABLE `Requests` (
  `Request_ID` int(11) NOT NULL,
  `Reason` text COLLATE utf8_unicode_ci NOT NULL,
  `Request_Status` tinyint(4) NOT NULL DEFAULT '0',
  `Request_Date` datetime NOT NULL,
  `Member_ID` int(11) DEFAULT NULL,
  `Admin_ID` int(11) DEFAULT NULL,
  `Deleted_date` datetime DEFAULT NULL
) ENGINE=InnoDB DEFAULT CHARSET=utf8 COLLATE=utf8_unicode_ci;

--
-- Dumping data for table `Requests`
--

INSERT INTO `Requests` (`Request_ID`, `Reason`, `Request_Status`, `Request_Date`, `Member_ID`, `Admin_ID`, `Deleted_date`) VALUES
(1, 'asd', 1, '2016-04-13 11:54:02', 1, 2, '2016-04-24 01:38:14'),
(2, 'à¸¥à¸šà¸£à¸µà¸§à¸´à¸§à¸«à¸™à¹ˆà¸­à¸¢à¸„à¸±à¸š', 1, '2016-04-13 12:00:12', 1, 2, '2016-04-23 03:18:52'),
(3, 'à¸¥à¸šà¸„à¸­à¸¡à¹€à¸¡à¹‰à¸™à¸™à¸µà¹ˆ', 1, '2016-04-13 12:02:55', 1, 2, '2016-04-24 04:18:16'),
(4, 'asd', 0, '2016-04-16 11:11:56', 2, NULL, NULL),
(5, 'delete member', 1, '2016-04-16 11:14:54', 2, 2, '2016-04-23 08:35:14'),
(6, 'deleteee', 0, '2016-04-16 11:20:20', 2, NULL, NULL),
(7, 'deleteee comment plssssss', 0, '2016-04-16 11:20:35', 2, NULL, NULL),
(8, 'sadsd', 0, '2016-04-23 08:17:25', 2, NULL, NULL),
(9, 'sdasf', 0, '2016-04-23 08:17:28', 2, NULL, NULL),
(10, 'rqwr', 1, '2016-04-23 08:17:41', 2, 2, '2016-04-23 08:35:14'),
(11, 'rqwrwt', 1, '2016-04-23 08:17:43', 2, 2, '2016-04-23 08:35:14'),
(12, 'rqwtt', 1, '2016-04-23 08:17:46', 2, 2, '2016-04-23 08:35:14'),
(13, 'adasf', 1, '2016-04-23 08:17:58', 2, 2, '2016-04-23 08:35:01'),
(14, 'adasfewqr', 1, '2016-04-23 08:18:00', 2, 2, '2016-04-23 08:35:01'),
(15, 'adasfewqrqrqt', 0, '2016-04-23 08:18:02', 2, NULL, NULL),
(16, 'adasfewqrqrqtqweqwe', 1, '2016-04-23 08:18:06', 2, 2, '2016-04-23 08:34:53'),
(17, 'adasfewqrqrqtqweqweqwer', 1, '2016-04-23 08:18:08', 2, 2, '2016-04-23 08:34:53'),
(18, 'adasfewqrqrqtqweqweqwerqweqwe', 1, '2016-04-23 08:18:10', 2, 2, '2016-04-23 08:34:53'),
(19, 'à¸Šà¹ˆà¸§à¸¢à¸¥à¸šà¸”à¹‰à¸§à¸¢à¸„à¸£à¸±à¸š', 0, '2016-04-24 04:16:00', 2, NULL, NULL),
(20, 'à¹„à¸¡à¹ˆà¹€à¸«à¸¡à¸²à¸°à¸ªà¸¡', 0, '2016-04-24 04:16:07', 2, NULL, NULL),
(21, 'à¹„à¸¡à¹ˆà¹€à¸«à¸¡à¸²à¸°à¸ªà¸¡', 0, '2016-04-24 04:16:12', 2, NULL, NULL),
(22, 'à¹„à¸¡à¹ˆà¹ƒà¸Šà¹‰à¹à¸¥à¹‰à¸§à¸„à¸£à¸±à¸š', 0, '2016-04-24 04:16:32', 1, NULL, NULL),
(23, 'à¸¥à¸š à¸„à¸­à¸¡à¹€à¸¡à¹‰à¸™à¸«à¸™à¹ˆà¸­à¸¢', 0, '2016-04-24 04:16:44', 1, NULL, NULL),
(24, 'à¸«à¸¢à¸²à¸šà¸„à¸²à¸¢', 0, '2016-04-24 04:17:06', 1, NULL, NULL),
(25, 'à¸¥à¸šà¸”à¹‰à¸§à¸¢à¸„à¸±à¸š', 0, '2016-04-24 04:41:33', 2, NULL, NULL);

-- --------------------------------------------------------

--
-- Table structure for table `Reviews`
--

CREATE TABLE `Reviews` (
  `ID` int(11) NOT NULL,
  `Auther_ID` int(4) DEFAULT NULL,
  `Category` int(1) NOT NULL COMMENT '1 - 4 (เมือง,  บนดอย, ทะเล, ร้านอาหาร)',
  `Review_topic` varchar(256) COLLATE utf8_unicode_ci NOT NULL,
  `Review_content` text COLLATE utf8_unicode_ci NOT NULL,
  `Review_picture` varchar(128) COLLATE utf8_unicode_ci NOT NULL,
  `Review_date` datetime NOT NULL,
  `edit` varchar(100) COLLATE utf8_unicode_ci DEFAULT NULL
) ENGINE=InnoDB DEFAULT CHARSET=utf8 COLLATE=utf8_unicode_ci;

--
-- Dumping data for table `Reviews`
--

INSERT INTO `Reviews` (`ID`, `Auther_ID`, `Category`, `Review_topic`, `Review_content`, `Review_picture`, `Review_date`, `edit`) VALUES
(1, 2, 4, '"à¸à¸´à¸™à¹€à¸„à¸¢" à¹€à¸­à¹‰à¸¢ "à¹€à¸„à¸¢à¸à¸´à¸™" à¸à¸±à¸™à¹„à¸«à¸¡? à¹à¸Šà¸šà¹‰à¸§à¸¢à¸•à¸±à¸§à¹ƒà¸«à¸à¹ˆà¹† à¸›à¸¥à¸²à¸žà¸‡à¸•à¸±à¸§à¹‚à¸•à¹†', '<br />\r\n<img class="responsive-img" src = "http://f.ptcdn.info/034/042/000/o62n5ak6m066jCd3V7q-o.jpg"><br />\r\n<br />\r\n<img class="responsive-img" src = "http://f.ptcdn.info/034/042/000/o62n6s96njkW38Dpft8-o.jpg"><br />\r\n<img class="responsive-img" src = "http://f.ptcdn.info/034/042/000/o62n9izp7CkQYdkt3UO-o.jpg">', 'imgs/bg-test.jpg', '2558-02-16 20:10:23', 'Edited by admin on 2016-04-24 04:15:23'),
(2, 2, 3, 'topic2', 'content', 'imgs/bg-test.jpg', '2558-02-16 20:10:23', NULL),
(3, 1, 2, 'topic3', 'content 3', 'imgs/bg-test.jpg', '2558-02-17 18:10:23', NULL),
(4, 1, 3, 'review 4', 'comment 4', 'imgs/bg-test.jpg', '2016-02-18 17:23:19', NULL),
(5, 1, 4, 'review 5', 'content 5', 'imgs/bg-test.jpg', '2016-02-20 02:42:12', NULL),
(6, 1, 2, 'review 6', 'content 6', 'imgs/bg-test.jpg', '2016-02-20 02:42:24', NULL),
(7, 2, 1, '[CR][CR] Wall Art - Wall Street à¸à¹‡à¸¡à¸µà¹ƒà¸™à¸à¸£à¸¸à¸‡à¹€à¸—à¸ž à¹„à¸¡à¹ˆà¸•à¹‰à¸­à¸‡à¹„à¸›à¹„à¸à¸¥à¸–à¸¶à¸‡à¸›à¸µà¸™à¸±à¸‡', 'à¸§à¸±à¸™à¸«à¸¢à¸¸à¸”à¸ªà¸±à¸›à¸”à¸²à¸«à¹Œà¸™à¸µà¹‰à¹„à¸¡à¹ˆà¹„à¸”à¹‰à¸­à¸­à¸à¸•à¸ˆà¸§. à¹à¸•à¹ˆà¹€à¸žà¸·à¹ˆà¸­à¸™à¸¡à¸²à¸ˆà¸²à¸à¸„à¸­à¸™à¸«à¸§à¸±à¸™à¹€à¸¥à¸²à¸§à¹ˆà¸²à¸ˆà¸°à¸žà¸²à¹€à¸”à¸´à¸™à¸•à¸°à¸¥à¸­à¸™à¸—à¸±à¹ˆà¸§à¸–à¸™à¸™à¹€à¸ˆà¸£à¸´à¸à¸à¸£à¸¸à¸‡à¹€à¸žà¸·à¹ˆà¸­à¸«à¸²à¸£à¸¹à¸› wall art à¸•à¸²à¸¡à¹à¸œà¸™à¸—à¸µà¹ˆà¸¥à¸²à¸¢à¹à¸—à¸‡à¸—à¸µà¹ˆà¹€à¸„à¸¢à¸¡à¸µà¸„à¸™à¸¥à¸‡à¹„à¸§à¹‰ à¹ƒà¸Šà¹‰à¹€à¸§à¸¥à¸²à¸•à¸±à¹‰à¸‡à¹à¸•à¹ˆ 11 à¹‚à¸¡à¸‡à¸ˆà¸™à¸–à¸¶à¸‡ 16:00 à¸™. <br />\r\nà¸žà¸­à¸”à¸´à¸šà¸žà¸­à¸”à¸µ à¹€à¸£à¸´à¹ˆà¸¡à¸•à¹‰à¸™à¸ˆà¸²à¸à¸ªà¸°à¸žà¸²à¸™à¸•à¸²à¸à¸ªà¸´à¸™à¸‚à¹‰à¸²à¸‡à¹‚à¸£à¸‡à¹à¸£à¸¡à¹à¸Šà¸‡à¹€à¸à¸­à¸£à¸µà¸¥à¹ˆà¸²à¸•à¸£à¸‡à¸™à¸µà¹‰à¸ˆà¸°à¸¡à¸µ Wall Art à¸£à¸¹à¸›à¸¡à¸·à¸­à¸ªà¸µà¸Šà¸¡à¸žà¸¹à¸”à¸ªà¸”à¹ƒà¸ª à¹ƒà¸«à¹‰à¹€à¸£à¸²à¹„à¸”à¹‰à¹€à¸£à¸´à¹ˆà¸¡à¸•à¹‰à¸™à¸–à¹ˆà¸²à¸¢à¸£à¸¹à¸›à¸à¸±à¸™ à¸•à¸´à¸”à¹à¸„à¹ˆà¸§à¹ˆà¸² à¹‚à¸Šà¸„à¸”à¸µà¸«à¸™à¹ˆà¸­à¸¢à¸à¹‡à¸ˆà¸°à¹„à¹ˆà¸¡à¹ˆà¸¡à¸µà¸£à¸–à¸ˆà¸­à¸”à¸‚à¸§à¹‰à¸²à¸‡ à¹‚à¸Šà¸„à¸£à¹‰à¸²à¸¢à¸à¹‡....à¹‚à¸”à¸™à¸£à¸–à¸šà¸±à¸‡à¸ªà¸´à¸„à¸°<br />\r\n<img class="responsive-img" src = "http://f.ptcdn.info/712/040/000/o3nk1vieyjqBwC02sjr-o.jpg"><br />\r\nà¸à¹ˆà¸­à¸™à¸ˆà¸°à¹€à¸”à¸´à¸™à¸—à¸²à¸‡à¹€à¸à¹‡à¸š Wall Art à¸•à¹ˆà¸­ à¸à¸­à¸‡à¸—à¸±à¸žà¸•à¹‰à¸­à¸‡à¹€à¸”à¸´à¸™à¸”à¹‰à¸§à¸¢à¸—à¹‰à¸­à¸‡ à¸„à¸“à¸°à¹€à¸£à¸²à¸ˆà¸¶à¸‡à¹à¸§à¸°à¸—à¸²à¸™à¸­à¸²à¸«à¸²à¸£à¸­à¸´à¸ªà¸¥à¸²à¸¡à¸Šà¸·à¹ˆà¸­à¸”à¸±à¸‡à¸‚à¸­à¸‡à¸¢à¹ˆà¸²à¸™à¸šà¸²à¸‡à¸£à¸±à¸ à¸‹à¸¶à¹ˆà¸‡à¸¡à¸µà¸­à¸²à¸¢à¸¸à¸¡à¸²à¸à¸à¸§à¹ˆà¸² 70 à¸›à¸µ à¹‚à¸­à¹‰à¸žà¸£à¸°à¹€à¸ˆà¹‰à¸²à¸­à¸²à¸¢à¸¸à¹€à¸à¸·à¸­à¸šà¹€à¸—à¹ˆà¸²à¸­à¸²à¸¡à¹ˆà¸²à¹€à¸„à¹‰à¸²à¹€à¸¥à¸¢ à¸ªà¸™à¸™à¸£à¸²à¸„à¸²à¸‚à¸­à¸‡à¸¡à¸·à¹‰à¸­à¸™à¸µà¹‰ 300 à¸šà¸²à¸—à¸–à¹‰à¸§à¸™<br />\r\n<img class="responsive-img" src = "http://f.ptcdn.info/713/040/000/o3nkecg84obm2tyumV3-o.jpg"><br />\r\nà¸«à¸¥à¸±à¸‡à¸ˆà¸²à¸à¸­à¸´à¹ˆà¸¡à¸—à¹‰à¸­à¸‡à¸à¸±à¸™à¹à¸¥à¹‰à¸§à¸à¹‡à¸­à¸­à¸à¹€à¸”à¸´à¸™à¸—à¸²à¸‡à¸•à¸²à¸¡à¸¥à¹ˆà¸² Wall Art à¸à¸±à¸™à¸•à¹ˆà¸­à¹à¸•à¹ˆà¸à¹ˆà¸­à¸™à¸ˆà¸°à¸–à¸¶à¸‡à¸žà¸§à¸à¹€à¸£à¸²à¹à¸§à¸°à¹„à¸›à¸–à¹ˆà¸²à¸¢à¸£à¸¹à¸›à¸ªà¸§à¸¢ à¹† à¸—à¸µà¹ˆà¹‚à¸šà¸–à¸ªà¹Œà¸‚à¸­à¸‡à¹‚à¸£à¸‡à¹€à¸£à¸µà¸¢à¸™à¸­à¸±à¸à¸ªà¸±à¸¡à¸Šà¸±à¸à¸à¹‡à¹„à¸”à¹‰à¸«à¸¥à¸²à¸¢à¸£à¸¹à¸›à¸­à¸¢à¸¹à¹ˆ<br />\r\n<img class="responsive-img" src = "http://f.ptcdn.info/713/040/000/o3nkm4lhd3ImIFn1Q4x-o.jpg"><br />\r\n<img class="responsive-img" src = "http://f.ptcdn.info/713/040/000/o3nkoc5xn4nv19KGbju-o.jpg"><br />\r\n<img class="responsive-img" src = "http://f.ptcdn.info/713/040/000/o3nkmrc0hW4kBHwL5SW-o.jpg"><br />\r\nà¸ˆà¸²à¸à¸™à¸±à¹‰à¸™à¹€à¸”à¸´à¸™à¸‚à¹‰à¸²à¸¡à¸–à¸™à¸™à¹„à¸›à¸—à¸µà¹ˆà¹à¸¢à¸à¸¡à¹€à¸«à¸ªà¸±à¸à¸‚à¹Œà¹€à¸žà¸·à¹ˆà¸­à¸–à¹ˆà¸²à¸¢à¸£à¸¹à¸› wall art à¸šà¸™à¸à¸³à¹à¸žà¸‡à¸ªà¸¹à¸‡à¹ƒà¸«à¸à¹ˆ (à¸‹à¸¶à¹ˆà¸‡à¹„à¸¡à¹ˆà¹‚à¸­à¹€à¸„à¹€à¸žà¸£à¸²à¸°à¸žà¸·à¹‰à¸™à¸—à¸µà¹ˆà¸‚à¹‰à¸²à¸‡ à¹† à¹€à¸›à¸‡à¸žà¸·à¹‰à¸™à¸—à¸µà¹ˆà¹€à¸›à¸¥à¹ˆà¸²à¹à¸¥à¸°à¸–à¸¹à¸à¸¥à¹‰à¸­à¸¡à¸£à¸±à¹‰à¸§à¹„à¸§à¹‰à¸—à¸³à¹ƒà¸«à¹‰à¸–à¹ˆà¸²à¸¢à¸ à¸²à¸žà¹„à¸¡à¹ˆà¸–à¸™à¸±à¸”) <br />\r\n<img class="responsive-img" src = "http://f.ptcdn.info/713/040/000/o3nksf85wS1IuwkwApy-o.jpg"><br />\r\nà¸ˆà¸²à¸à¸™à¸±à¹‰à¸™à¸™à¸±à¹ˆà¸‡à¸£à¸–à¹€à¸¡à¸¥à¹Œà¸Ÿà¸£à¸µà¸ªà¸²à¸¢ 45 à¹€à¸žà¸·à¹ˆà¸­à¸¡à¸²à¸¥à¸‡à¸«à¸™à¹‰à¸²à¹„à¸›à¸£à¸©à¸“à¸µà¸¢à¹Œà¸à¸¥à¸²à¸‡à¹€à¸žà¸·à¹ˆà¸­à¹€à¸”à¸´à¸™à¹€à¸‚à¹‰à¸²à¸‹à¸­à¸¢à¹€à¸ˆà¸£à¸´à¸¨à¸™à¸„à¸£32à¹ƒà¸™à¸‹à¸­à¸¢à¸™à¸µà¹‰ (à¹€à¸”à¸´à¸™à¹„à¸›à¸›à¸£à¸°à¸¡à¸²à¸“à¸à¸¥à¸²à¸‡à¸‹à¸­à¸¢) à¸¡à¸µà¸£à¸¹à¸›wall artà¸«à¸¥à¸²à¸¢à¸£à¸¹à¸›à¹à¸•à¹ˆà¸•à¹‰à¸­à¸‡à¹€à¸ªà¸µà¹ˆà¸¢à¸‡à¸”à¸§à¸‡à¹€à¸­à¸²à¹€à¸žà¸£à¸²à¸°à¸žà¸µà¹ˆà¹†taxià¹à¸¥à¸°à¸•à¸¸à¹Šà¸à¹†à¸¡à¸±à¸à¸ˆà¸°à¸ˆà¸­à¸”à¸£à¸–à¸‚à¸§à¸²à¸‡à¸£à¸¹à¸› wall artà¸•à¹ˆà¸²à¸‡à¹†à¹„à¸§à¹‰à¸–à¹‰à¸²à¹‚à¸Šà¸„à¸”à¸µà¹€à¸„à¹‰à¸²à¸à¸°à¸ˆà¸°à¸¡à¸²à¸¢à¹‰à¸²à¸¢à¹ƒà¸«à¹‰  à¹‚à¸Šà¸„à¸£à¹‰à¸²à¸¢à¸à¸°à¸•à¹‰à¸­à¸‡à¸¢à¸·à¸¡taxià¹à¸¥à¸°à¸•à¸¸à¹Šà¸à¹†à¸¡à¸²à¸›à¸£à¸°à¸à¸­à¸šà¸‰à¸²à¸.. à¸ªà¸§à¸¢à¹„à¸›à¸­à¸µà¸à¹à¸šà¸š<br />\r\n<img class="responsive-img" src = "http://f.ptcdn.info/713/040/000/o3nktadcxhbv3AcVBJF-o.jpg"><br />\r\n<img class="responsive-img" src = "http://f.ptcdn.info/713/040/000/o3nkts85jGk3Zx4Uf16-o.jpg"><br />\r\nCREDIT http://pantip.com/topic/34880422<br>', 'http://f.ptcdn.info/712/040/000/o3nk1vieyjqBwC02sjr-o.jpg', '2016-03-07 09:52:09', NULL),
(9, 2, 4, 'jhfjyfyfi', 'vhfhf<br />\r\nl<br />\r\nk<br />\r\nk<br />\r\nk<br />\r\n;k<br />\r\n;k;<br />\r\nk;<br />\r\nk', 'http://gdb.voanews.com/6DD8F0FE-F989-409C-A996-22BA48C792C6_mw1024_s_n.jpg', '2016-03-10 11:34:10', 'Edited by admin on 2016-03-27 03:50:19'),
(10, 1, 1, 'asd', 'ad', 'imgs/cover3.jpg', '2016-03-10 10:25:58', NULL),
(11, 1, 4, 'Hello World', 'ad<br />\r\n<br />\r\n<br />\r\nhello<br />\r\n<br />\r\n<blockquote><h5>" quote "</h5></blockquote>', 'imgs/success-kid.jpg', '2016-03-10 10:26:36', 'Edited by admin on 2016-04-18 03:20:47'),
(12, 1, 1, '[CR]â˜† SHIRAKAWA-GO à¹€à¸¡à¸·à¸­à¸‡à¸•à¹‰à¸­à¸‡à¸¡à¸™à¸•à¹Œ..à¸‚à¸­à¸‡à¸„à¸™à¸—à¹ˆà¸­à¸‡à¹€à¸—à¸µà¹ˆà¸¢à¸§ ã‚·', 'à¸ªà¸§à¸±à¸ªà¸”à¸µà¸„à¹ˆà¸²...<br />\r\n<br />\r\n     à¸à¸¥à¸±à¸šà¸¡à¸²à¸­à¸µà¸à¸„à¸£à¸±à¹‰à¸‡à¸à¸±à¸šà¸à¸²à¸£à¹€à¸”à¸´à¸™à¸—à¸²à¸‡à¸„à¸£à¸±à¹‰à¸‡à¸—à¸µà¹ˆà¸ªà¸­à¸‡à¸‚à¸­à¸‡à¸à¸²à¸£à¹„à¸›à¹€à¸—à¸µà¹ˆà¸¢à¸§à¸›à¸£à¸°à¹€à¸—à¸¨à¸à¸µà¹ˆà¸›à¸¸à¹ˆà¸™ à¹€à¸¡à¸·à¸­à¸‡à¸—à¸µà¹ˆà¹ƒà¸„à¸£à¹†à¸«à¸¥à¸²à¸¢à¹†à¸„à¸™à¸«à¸¥à¸‡à¸£à¸±à¸ à¹€à¸›à¹‡à¸™à¸›à¸£à¸°à¹€à¸—à¸¨à¸›à¸£à¸°à¹€à¸—à¸¨à¸«à¸™à¸¶à¹ˆà¸‡à¸—à¸µà¹ˆà¸«à¸¥à¸²à¸¢à¹†à¸„à¸™à¸­à¸²à¸ˆà¸•à¸±à¹‰à¸‡à¹€à¸›à¹‰à¸²à¸«à¸¡à¸²à¸¢à¸—à¸µà¹ˆà¸­à¸¢à¸²à¸à¸ˆà¸°à¹„à¸›à¸ªà¸±à¸¡à¸œà¸±à¸ªà¸ªà¸±à¸à¸„à¸£à¸±à¹‰à¸‡ à¹„à¸›à¹à¸¥à¹‰à¸§à¸«à¸¥à¸‡à¸£à¸±à¸ à¸£à¸±à¸à¹ƒà¸™à¸§à¸±à¸’à¸™à¸˜à¸£à¸£à¸¡ à¸£à¸±à¸à¹ƒà¸™à¸™à¸´à¸ªà¸±à¸¢à¸‚à¸­à¸‡à¸„à¸™à¸à¸µà¹ˆà¸›à¸¸à¹ˆà¸™ à¸£à¸±à¸à¹ƒà¸™à¸šà¹‰à¸²à¸™à¹€à¸¡à¸·à¸­à¸‡à¸—à¸µà¹ˆà¹€à¸›à¹‡à¸™à¸£à¸°à¹€à¸šà¸µà¸¢à¸š à¸ªà¸°à¸­à¸²à¸”à¹à¸¥à¸°à¸ªà¸‡à¸š<br />\r\n<br />\r\n<img class="responsive-img" src = "http://f.ptcdn.info/893/040/000/o3z26x9wfFdBqKO8fmA-o.jpg"><br />\r\n<br />\r\n  à¸„à¸£à¸²à¸§à¸™à¸µà¹‰à¸à¸²à¸£à¹€à¸”à¸´à¸™à¸—à¸²à¸‡à¸‚à¸­à¸‡ à¹€à¸£à¸² 8 à¸§à¸±à¸™ 7 à¸„à¸·à¸™ à¹€à¸£à¸²à¹€à¸”à¸´à¸™à¸—à¸²à¸‡à¹„à¸¥à¹ˆà¸•à¸±à¹‰à¸‡à¹à¸•à¹ˆà¹€à¸«à¸™à¸·à¸­à¸¥à¸‡à¸¡à¸² à¸„à¸£à¸²à¸§à¸™à¸µà¹‰à¹€à¸£à¸²à¸„à¸¸à¸¢à¸à¸±à¸šà¹€à¸žà¸·à¹ˆà¸­à¸™à¹†à¹„à¸§à¹‰à¸§à¹ˆà¸²à¸‚à¸­à¸ªà¸±à¸¡à¸œà¸±à¸ªà¸«à¸´à¸¡à¸°à¸ªà¸±à¸à¸„à¸£à¸±à¹‰à¸‡ à¹€à¸­à¸²à¹ƒà¸«à¹‰à¸ªà¸°à¹ƒà¸ˆà¹„à¸›à¹€à¸¥à¸¢ à¸à¹ˆà¸­à¸™à¹„à¸›à¸à¹‡à¹€à¸Šà¹‡à¸„à¸ªà¸ à¸²à¸žà¸­à¸²à¸à¸²à¸¨à¸•à¸¥à¸­à¸”à¸§à¹ˆà¸²à¹€à¸›à¹‡à¸™à¸¢à¸±à¸‡à¹„à¸‡à¸ªà¸¸à¸”à¸—à¹‰à¸²à¸¢à¸à¹ˆà¸­à¸™à¸§à¸±à¸™à¹€à¸”à¸´à¸™à¸—à¸²à¸‡à¸žà¸¢à¸²à¸à¸£à¸“à¹Œà¸­à¸²à¸à¸²à¸¨à¸§à¹ˆà¸²à¸«à¸´à¸¡à¸°à¸à¸³à¸¥à¸±à¸‡à¸•à¸ à¹„à¸”à¹‰à¸—à¸µà¹à¸«à¸¥à¸°à¹€à¸•à¸£à¸µà¸¢à¸¡à¹à¸žà¸„à¸‚à¸­à¸‡à¸žà¸£à¹‰à¸­à¸¡à¸¥à¸¸à¸¢à¸«à¸´à¸¡à¸°à¸à¸±à¸™à¹€à¸¥à¸¢à¸¢..<br />\r\n<br />\r\n     à¹à¸•à¹ˆà¸—à¸µà¹ˆà¹à¸£à¸à¹ƒà¸™à¸—à¸£à¸´à¸›à¸™à¸µà¹‰ à¹€à¸£à¸²à¸«à¸²à¸‚à¹‰à¸­à¸¡à¸¹à¸¥à¹€à¸à¸µà¹ˆà¸¢à¸§à¸à¸±à¸šà¸«à¸¡à¸¹à¹ˆà¸šà¹‰à¸²à¸™à¸Šà¸´à¸£à¸²à¸„à¸²à¸§à¸²à¹‚à¸à¸° à¸«à¸¡à¸¹à¹ˆà¸šà¹‰à¸²à¸™à¸¡à¸£à¸”à¸à¹‚à¸¥à¸ à¸—à¸µà¹ˆà¸™à¹ˆà¸²à¹„à¸›à¹€à¸¢à¸·à¸­à¸™à¸¡à¸²à¸à¹„à¸¡à¹ˆà¸§à¹ˆà¸²à¸¤à¸”à¸¹à¸à¸²à¸¥à¹„à¸«à¸™à¸à¹‡à¸ªà¸§à¸¢ à¹à¸•à¹ˆà¸ªà¸³à¸«à¸£à¸±à¸šà¹€à¸£à¸²à¹à¸¥à¹‰à¸§à¹€à¸£à¸²à¸Šà¸­à¸šà¸¤à¸”à¸¹à¸—à¸µà¹ˆà¸«à¸™à¸²à¸§à¸—à¸µà¹ˆà¸¡à¸µà¸«à¸´à¸¡à¸°à¸›à¸à¸•à¸´à¸‚à¸²à¸§à¹‚à¸žà¸¥à¸™ à¸¡à¸±à¸™à¸¡à¸­à¸‡à¸”à¸¹à¹à¸¥à¹‰à¸§à¸ªà¸§à¸¢à¸¡à¸²à¸à¸ à¸•à¹‰à¸­à¸‡à¸¡à¸™à¸•à¹Œà¸„à¸§à¸²à¸¡à¸‡à¸²à¸¡à¹€à¸¡à¸·à¹ˆà¸­à¹„à¸”à¹‰à¸¡à¸²à¸—à¸µà¹ˆà¸«à¸¡à¸¹à¹ˆà¸šà¹‰à¸²à¸™à¸™à¸µà¹‰ à¹à¸¥à¹‰à¸§à¸–à¹‰à¸²à¸¢à¸´à¹ˆà¸‡à¹€à¸›à¹‡à¸™à¸Šà¹ˆà¸§à¸‡ light up à¸à¹‡à¸¢à¸´à¹ˆà¸‡à¸ªà¸§à¸¢à¹„à¸›à¸­à¸µà¸à¹€à¸žà¸£à¸²à¸°à¸ˆà¸°à¸¡à¸µà¸à¸²à¸£à¸ˆà¸±à¸”à¹à¸ªà¸”à¸‡à¹„à¸Ÿà¹€à¸›à¸´à¸”à¹ƒà¸«à¹‰à¸”à¸¹à¸à¸±à¸™à¹ƒà¸™à¸£à¸­à¸šà¸à¸¥à¸²à¸‡à¸„à¸·à¸™<br />\r\n<br />\r\n     à¹€à¸£à¸²à¹€à¸¥à¸·à¸­à¸à¸ˆà¸­à¸‡à¸—à¸µà¹ˆà¸žà¸±à¸à¸—à¸µà¹ˆ J-Hoppers à¹€à¸›à¹‡à¸™à¸—à¸µà¹ˆà¸žà¸±à¸à¸ªà¸³à¸«à¸£à¸±à¸šà¸™à¸±à¸à¹€à¸”à¸´à¸™à¸—à¸²à¸‡ à¸¡à¸µà¸«à¹‰à¸­à¸‡à¹ƒà¸«à¹‰à¹€à¸¥à¸·à¸­à¸à¸ªà¸³à¸«à¸£à¸±à¸šà¸¡à¸²à¹€à¸›à¹‡à¸™à¸à¸¥à¸¸à¹ˆà¸¡à¹€à¸žà¸·à¹ˆà¸­à¸™à¹à¸¥à¸°à¸«à¹‰à¸­à¸‡à¸ªà¸³à¸«à¸£à¸±à¸šà¸™à¸±à¸à¹€à¸”à¸´à¸™à¸—à¸²à¸‡à¹€à¸”à¸µà¹ˆà¸¢à¸§à¹à¸¥à¸°à¸—à¸µà¹ˆà¸™à¸µà¹ˆà¸ˆà¸°à¸”à¸µà¸­à¸µà¸à¸­à¸¢à¹ˆà¸²à¸‡à¸„à¸·à¸­à¹€à¸¡à¸·à¹ˆà¸­à¹€à¸£à¸²à¸žà¸±à¸à¸—à¸µà¹ˆà¸™à¸µà¹ˆà¹à¸¥à¹‰à¸§à¸ˆà¸°à¹€à¸”à¸´à¸™à¸—à¸²à¸‡à¹„à¸›à¸¢à¸±à¸‡à¸«à¸¡à¸¹à¹ˆà¸šà¹‰à¸²à¸™à¸Šà¸´à¸£à¸²à¸„à¸²à¸§à¸²à¹‚à¸à¸°à¸à¹‡à¸ªà¸²à¸¡à¸²à¸£à¸–à¸ˆà¸­à¸‡à¸£à¸–à¸šà¸±à¸ªà¸‚à¸­à¸‡à¸—à¸²à¸‡à¸—à¸µà¹ˆà¸žà¸±à¸à¹„à¸”à¹‰à¹à¸¥à¸°à¸ˆà¸°à¹„à¸”à¹‰à¸£à¸²à¸„à¸²à¸—à¸µà¹ˆà¸–à¸¹à¸à¸§à¹ˆà¸²à¸„à¸·à¸­à¸›à¸à¸•à¸´à¹€à¸£à¸²à¸ˆà¸°à¹€à¸”à¸´à¸™à¸—à¸²à¸‡à¹„à¸›à¸à¸¥à¸±à¸šà¸­à¸¢à¸¹à¹ˆà¸—à¸µà¹ˆ 4400 à¹€à¸¢à¸™ à¹à¸•à¹ˆà¸–à¹‰à¸²à¸žà¸±à¸à¸—à¸µà¹ˆà¸™à¸µà¹ˆà¸ˆà¸°à¸­à¸¢à¸¹à¹ˆà¸—à¸µà¹ˆ 3900 à¹€à¸¢à¸™ à¸ˆà¸°à¸¡à¸µà¸£à¸–à¸¡à¸²à¸£à¸±à¸šà¸–à¸¶à¸‡à¸«à¸™à¹‰à¸²à¸—à¸µà¹ˆà¸žà¸±à¸à¹€à¸¥à¸¢ à¹à¸¥à¸°à¸—à¸µà¹ˆ J-Hoppers à¸à¹‡à¸­à¸¢à¸¹à¹ˆà¹„à¸¡à¹ˆà¹„à¸à¸¥à¸ˆà¸²à¸à¸ªà¸–à¸²à¸™à¸µ Takayama à¹€à¸”à¸´à¸™ 5-10 à¸™à¸²à¸—à¸µà¸à¹‡à¸–à¸¶à¸‡à¹à¸¥à¹‰à¸§<br />\r\n<br />\r\n<img class="responsive-img" src = "http://f.ptcdn.info/897/040/000/o3z8tbveaSGXKNMPoIm-o.jpg"><br />\r\n<br />\r\nà¸«à¸¥à¸±à¸‡à¸ˆà¸²à¸à¸­à¸­à¸à¸ˆà¸²à¸à¸ªà¸–à¸²à¸™à¸µà¸¡à¸²à¸”à¹‰à¸²à¸™à¸‹à¹‰à¸²à¸¢à¸à¹‡à¸ˆà¸°à¹€à¸›à¹‡à¸™ nohi-bus à¸–à¹‰à¸²à¹ƒà¸„à¸£à¸ˆà¸°à¸ªà¸°à¸”à¸§à¸à¸ˆà¸­à¸‡à¸šà¸±à¸ªà¸ˆà¸²à¸à¸—à¸µà¹ˆà¸™à¸µà¹ˆà¹„à¸›à¸¢à¸±à¸‡à¸«à¸¡à¸¹à¹ˆà¸šà¹‰à¸²à¸™à¸Šà¸´à¸£à¸²à¸„à¸²à¸§à¸²à¸à¹‡à¹„à¸”à¹‰ à¸›à¸à¸•à¸´à¸ªà¹ˆà¸§à¸™à¹ƒà¸«à¸à¹ˆà¸ˆà¸°à¹ƒà¸Šà¹‰à¸šà¸£à¸´à¸à¸²à¸£à¸—à¸µà¹ˆà¸™à¸µà¹ˆà¸à¸±à¸™<br />\r\n<br />\r\n<img class="responsive-img" src = "http://f.ptcdn.info/897/040/000/o3z8pjn7vgTjYQuRwHu-o.jpg"><br />\r\n<img class="responsive-img" src = "http://f.ptcdn.info/897/040/000/o3z8q3axocyNLh9Urj9-o.jpg"><br />\r\n<br />\r\n<div class="container"><div class="video-container">\n          <iframe width="200" height="100" src="//www.youtube.com/embed/Z-qjxO_ZJKM?rel=0" frameborder="0" allowfullscreen></iframe>\n      </div></div>', 'imgs/o3z26x9wfFdBqKO8fmA-o.jpg', '2016-03-14 11:16:29', 'Edited by nuntjw on 2016-04-16 11:05:29'),
(13, 2, 3, 'Test Edit', '<br />\r\n<br />\r\n<br />\r\n<blockquote><h5>" hello "</h5></blockquote>', 'imgs/cover2.jpg', '2016-04-03 03:08:58', 'Edited by admin on 2016-04-18 03:29:10'),
(14, 1, 4, '[CR]à¸£à¸µà¸§à¸´à¸§ à¸‚à¸™à¸¡à¸›à¸±à¸‡à¸›à¸´à¹‰à¸‡ "à¸¡à¸™à¸•à¹Œ à¸™à¸¡à¸ªà¸”" à¸—à¸¸à¸à¸«à¸™à¹‰à¸² à¸—à¸±à¹‰à¸‡à¸«à¸¡à¸” 9 à¸«à¸™à¹‰à¸²!!!', 'à¸ªà¸§à¸±à¸ªà¸”à¸µà¸„à¹ˆà¸°à¹€à¸žà¸·à¹ˆà¸­à¸™à¹†à¸Šà¸²à¸§ pantip à¸™à¸µà¹ˆà¹€à¸›à¹‡à¸™à¸à¸£à¸°à¸—à¸¹à¹‰à¸£à¸µà¸§à¸´à¸§à¸­à¸²à¸«à¸²à¸£à¸à¸£à¸°à¸—à¸¹à¹‰à¸—à¸µà¹ˆ 3 à¸‚à¸­à¸‡à¹à¸šà¸¡à¹à¸¥à¹‰à¸§à¸„à¹ˆà¸²<br />\r\n<img class="responsive-img" src = "http://f.ptcdn.info/960/041/000/o5xswpo02bGnKUoiHMP-o.jpg"><br />\r\nà¹à¸šà¸¡à¹€à¸Šà¸·à¹ˆà¸­à¸§à¹ˆà¸² à¸—à¸¸à¸à¸„à¸™(à¸«à¸£à¸·à¸­à¸ªà¹ˆà¸§à¸™à¹ƒà¸«à¸à¹ˆ)à¸—à¸µà¹ˆà¸­à¸¢à¸¹à¹ˆà¹€à¸¡à¸·à¸­à¸‡à¹„à¸—à¸¢à¸™à¹ˆà¸²à¸ˆà¸°à¸£à¸¹à¹‰à¸ˆà¸±à¸à¹à¸¥à¸°à¹€à¸„à¸¢à¸—à¸²à¸™ à¸‚à¸™à¸¡à¸›à¸±à¸‡à¸›à¸´à¹‰à¸‡à¸Šà¸·à¹ˆà¸­à¸”à¸±à¸‡à¸­à¸¢à¹ˆà¸²à¸‡ "à¸¡à¸™à¸•à¹Œ à¸™à¸¡à¸ªà¸”" à¹à¸šà¸¡à¹€à¸­à¸‡à¸à¹‡à¹€à¸Šà¹ˆà¸™à¸à¸±à¸™à¸„à¹ˆà¸° à¸™à¸µà¹ˆà¹„à¸¡à¹ˆà¹ƒà¸Šà¹ˆà¸à¸²à¸£à¸—à¸²à¸™à¸¡à¸™à¸•à¹Œà¸™à¸¡à¸ªà¸”à¸„à¸£à¸±à¹‰à¸‡à¹à¸£à¸à¸‚à¸­à¸‡à¹à¸šà¸¡ à¹à¸•à¹ˆ!!! à¹€à¸›à¹‡à¸™à¸„à¸£à¸±à¹‰à¸‡à¹à¸£à¸à¸—à¸µà¹ˆà¹à¸šà¸¡à¸¥à¸­à¸‡à¸—à¸²à¸™à¸—à¸¸à¸à¸«à¸™à¹‰à¸² à¸—à¸±à¹‰à¸‡à¸«à¸¡à¸” 9 à¸«à¸™à¹‰à¸² (à¹à¸„à¸¥à¸­à¸£à¸µà¹ˆà¸žà¸¸à¹ˆà¸‡à¸­à¸µà¸à¹à¸¥à¹‰à¸§ à¹à¸®à¹ˆ 55555) à¸–à¹‰à¸²à¸žà¸£à¹‰à¸­à¸¡à¹à¸¥à¹‰à¸§à¸à¹‡à¸•à¸²à¸¡à¸¡à¸²à¸Šà¸¡à¸à¸±à¸™à¹€à¸¥à¸¢à¸„à¹ˆà¸²<br />\r\n<br />\r\nà¹€à¸à¸£à¸´à¹ˆà¸™à¸–à¸¶à¸‡à¸£à¹‰à¸²à¸™à¸¡à¸™à¸•à¹Œà¸™à¸¡à¸ªà¸”à¸ªà¸±à¸à¸«à¸™à¹ˆà¸­à¸¢à¸™à¸°à¸„à¸° à¸£à¹‰à¸²à¸™à¸™à¸µà¹‰à¸žà¹ˆà¸­à¹à¸¡à¹ˆà¹à¸šà¸¡à¸—à¸²à¸™à¸•à¸±à¹‰à¸‡à¹à¸•à¹ˆà¸ªà¸¡à¸±à¸¢à¸¢à¸±à¸‡à¸«à¸™à¸¸à¹ˆà¸¡à¸ªà¸²à¸§à¹€à¸¥à¸¢à¸„à¹ˆà¸° à¸žà¹ˆà¸­à¹à¸¡à¹ˆà¹€à¸¥à¹ˆà¸²à¹ƒà¸«à¹‰à¸Ÿà¸±à¸‡à¸§à¹ˆà¸²à¹€à¸¡à¸·à¹ˆà¸­à¸à¹ˆà¸­à¸™à¹€à¸›à¹‡à¸™à¸£à¸–à¹€à¸‚à¹‡à¸™à¹€à¸¥à¹‡à¸à¹† à¹„à¸¡à¹ˆà¹„à¸”à¹‰à¹€à¸›à¹‡à¸™à¸£à¹‰à¸²à¸™à¹ƒà¸«à¸à¹ˆà¹‚à¸•à¹à¸¥à¸°à¸¡à¸µà¸«à¸¥à¸²à¸¢à¸ªà¸²à¸‚à¸²à¹à¸šà¸šà¸ªà¸¡à¸±à¸¢à¸™à¸µà¹‰à¸„à¹ˆà¸° à¸ªà¸²à¸‚à¸²à¸—à¸µà¹ˆà¹à¸šà¸¡à¹„à¸›à¸§à¸±à¸™à¸™à¸µà¹‰à¸à¹‡à¸„à¸·à¸­ à¸ªà¸²à¸‚à¸²à¸­à¸­à¸£à¸´à¸ˆà¸´à¸™à¸±à¸¥à¸‚à¸­à¸‡à¸—à¸µà¹ˆà¸™à¸µà¹ˆà¹€à¸¥à¸¢à¸„à¹ˆà¸° à¸ªà¸²à¸‚à¸² à¸«à¸™à¹‰à¸²à¸¨à¸²à¸¥à¸²à¸§à¹ˆà¸²à¸à¸²à¸£ à¸à¸—à¸¡. à¸•à¸£à¸‡à¸–à¸™à¸™à¸”à¸´à¸™à¸ªà¸­à¸™à¸±à¹ˆà¸™à¹€à¸­à¸‡à¸„à¹ˆà¸² (à¹€à¸›à¸´à¸”à¸šà¸£à¸´à¸à¸²à¸£à¸—à¸¸à¸à¸§à¸±à¸™ : 14.00 à¸™. - 23.00 à¸™.) à¹à¸šà¸¡à¸¡à¸²à¸–à¸¶à¸‡à¸›à¸£à¸°à¸¡à¸²à¸“ 4 à¹‚à¸¡à¸‡à¹€à¸¢à¹‡à¸™ à¸„à¸™à¹€à¸¢à¸­à¸°à¹€à¸«à¸¡à¸·à¸­à¸™à¹€à¸”à¸´à¸¡à¸„à¹ˆà¸° 5555555 à¹à¸•à¹ˆà¹„à¸¡à¹ˆà¹€à¸„à¸¢à¸£à¸­à¸™à¸²à¸™ à¸—à¸µà¹ˆà¸™à¸µà¹ˆà¹€à¸„à¹‰à¸²à¸—à¸³à¹€à¸£à¹‡à¸§à¸¡à¸²à¸à¸‚à¸­à¸šà¸­à¸<br />\r\n<br />\r\nà¸¡à¸²à¹€à¸£à¸´à¹ˆà¸¡à¸à¸±à¸™à¸—à¸µà¹ˆà¸•à¸±à¸§à¸‚à¸™à¸¡à¸›à¸±à¸‡à¸›à¸´à¹‰à¸‡à¹€à¸¥à¸¢à¸™à¸°à¸„à¸° à¹à¸šà¸¡à¸Šà¸­à¸šà¸‚à¸™à¸¡à¸›à¸±à¸‡à¸›à¸´à¹‰à¸‡à¸‚à¸­à¸‡à¸—à¸µà¹ˆà¸™à¸µà¹ˆà¸¡à¸²à¸à¸„à¹ˆà¸° à¸•à¸±à¸§à¸‚à¸™à¸¡à¸›à¸±à¸‡à¸à¸£à¸­à¸šà¸™à¸¸à¹ˆà¸¡à¸à¸³à¸¥à¸±à¸‡à¸”à¸µ à¸—à¸²à¹€à¸™à¸¢à¸«à¸­à¸¡à¹† à¹€à¸ªà¸´à¸£à¹Œà¸Ÿà¹à¸šà¸šà¸­à¸¸à¹ˆà¸™à¹† à¸—à¸´à¹‰à¸‡à¹„à¸§à¹‰à¸ªà¸±à¸à¸žà¸±à¸à¸à¹‡à¸¢à¸±à¸‡à¹„à¸¡à¹ˆà¹€à¸«à¸™à¸µà¸¢à¸§à¸„à¹ˆà¸° à¸–à¸·à¸­à¸§à¹ˆà¸²à¸—à¸³à¹„à¸”à¹‰à¸”à¸µà¸¡à¸²à¸à¹à¸¥à¸°à¹„à¸¡à¹ˆà¸¡à¸µà¹ƒà¸„à¸£à¹€à¸«à¸¡à¸·à¸­à¸™à¹€à¸¥à¸¢à¸„à¹ˆà¸° à¸Šà¸­à¸šà¸¡à¸²à¸à¹†à¹€à¸¥à¸¢<br />\r\n<br />\r\nà¸•à¹ˆà¸­à¹„à¸›à¸ˆà¸°à¹€à¸£à¸´à¹ˆà¸¡à¸£à¸µà¸§à¸´à¸§à¸—à¸µà¸¥à¸°à¸«à¸™à¹‰à¸²à¹à¸¥à¹‰à¸§à¸™à¸°à¸„à¸° à¸•à¸²à¸¡à¸¡à¸²à¹€à¸¥à¸¢à¸„à¹ˆà¸²<br />\r\n1. à¹€à¸™à¸¢à¸ªà¸±à¸‡à¸‚à¸¢à¸²à¹ƒà¸šà¹€à¸•à¸¢ 20.-<br />\r\n<img class="responsive-img" src = "http://f.ptcdn.info/961/041/000/o5xtajma6oA5SsAt7Ut-o.jpg"><br />\r\nà¸£à¸ªà¸™à¸µà¹‰à¸–à¸·à¸­à¹€à¸›à¹‡à¸™à¸‹à¸´à¸à¹€à¸™à¹€à¸ˆà¸­à¸£à¹Œà¸‚à¸­à¸‡à¸£à¹‰à¸²à¸™à¸¡à¸™à¸•à¹Œà¸™à¸¡à¸ªà¸”à¹€à¸¥à¸¢à¸„à¹ˆà¸° à¹€à¸«à¹‡à¸™à¸ªà¸±à¹ˆà¸‡à¸à¸±à¸™à¹à¸—à¸šà¸—à¸¸à¸à¹‚à¸•à¹Šà¸° 555555 à¹€à¸Šà¸·à¹ˆà¸­à¸§à¹ˆà¸²à¸—à¸¸à¸à¸„à¸™à¸—à¸µà¹ˆà¹€à¸„à¸¢à¸à¸´à¸™à¸¡à¸™à¸•à¹Œà¸™à¸¡à¸ªà¸” à¸•à¹‰à¸­à¸‡à¹€à¸„à¸¢à¸à¸´à¸™à¸«à¸™à¹‰à¸²à¸ªà¸±à¸‡à¸‚à¸¢à¸²à¹à¸™à¹ˆà¹† à¸Šà¸­à¸šà¸ªà¸±à¸‡à¸‚à¸¢à¸²à¸‚à¸­à¸‡à¸—à¸µà¹ˆà¸™à¸µà¹ˆà¸™à¸°à¸„à¸° à¹€à¸™à¸·à¹‰à¸­à¹€à¸™à¸µà¸¢à¸™à¸™à¸¸à¹ˆà¸¡ à¸à¸¥à¸´à¹ˆà¸™à¸«à¸­à¸¡à¹ƒà¸šà¹€à¸•à¸¢ à¸£à¸ªà¸Šà¸²à¸•à¸´à¸«à¸§à¸²à¸™à¸à¸³à¸¥à¸±à¸‡à¸”à¸µ à¹„à¸¡à¹ˆà¹à¸ªà¸šà¸„à¸­<br />\r\n<br />\r\n2. à¹€à¸™à¸¢à¸ªà¸±à¸‡à¸‚à¸¢à¸²à¹„à¸‚à¹ˆ 20.-<br />\r\n<img class="responsive-img" src = "http://f.ptcdn.info/961/041/000/o5xtftxsf961ZJP0F9P-o.jpg"><br />\r\n<br />\r\n<br />\r\n<blockquote><h5>" CREDIT: <a href="http://m.pantip.com/topic/35060607">Link</a> "</h5></blockquote>', 'imgs/cover4.jpg', '2016-04-22 12:22:49', NULL),
(15, 1, 4, '[CR]à¸£à¸µà¸§à¸´à¸§ à¸‚à¸™à¸¡à¸›à¸±à¸‡à¸›à¸´à¹‰à¸‡ "à¸¡à¸™à¸•à¹Œ à¸™à¸¡à¸ªà¸”" à¸—à¸¸à¸à¸«à¸™à¹‰à¸² à¸—à¸±à¹‰à¸‡à¸«à¸¡à¸” 9 à¸«à¸™à¹‰à¸²!!!', 'à¸ªà¸§à¸±à¸ªà¸”à¸µà¸„à¹ˆà¸°à¹€à¸žà¸·à¹ˆà¸­à¸™à¹†à¸Šà¸²à¸§ pantip à¸™à¸µà¹ˆà¹€à¸›à¹‡à¸™à¸à¸£à¸°à¸—à¸¹à¹‰à¸£à¸µà¸§à¸´à¸§à¸­à¸²à¸«à¸²à¸£à¸à¸£à¸°à¸—à¸¹à¹‰à¸—à¸µà¹ˆ 3 à¸‚à¸­à¸‡à¹à¸šà¸¡à¹à¸¥à¹‰à¸§à¸„à¹ˆà¸²<br />\r\n<img class="responsive-img" src = "http://f.ptcdn.info/960/041/000/o5xswpo02bGnKUoiHMP-o.jpg"><br />\r\nà¹à¸šà¸¡à¹€à¸Šà¸·à¹ˆà¸­à¸§à¹ˆà¸² à¸—à¸¸à¸à¸„à¸™(à¸«à¸£à¸·à¸­à¸ªà¹ˆà¸§à¸™à¹ƒà¸«à¸à¹ˆ)à¸—à¸µà¹ˆà¸­à¸¢à¸¹à¹ˆà¹€à¸¡à¸·à¸­à¸‡à¹„à¸—à¸¢à¸™à¹ˆà¸²à¸ˆà¸°à¸£à¸¹à¹‰à¸ˆà¸±à¸à¹à¸¥à¸°à¹€à¸„à¸¢à¸—à¸²à¸™ à¸‚à¸™à¸¡à¸›à¸±à¸‡à¸›à¸´à¹‰à¸‡à¸Šà¸·à¹ˆà¸­à¸”à¸±à¸‡à¸­à¸¢à¹ˆà¸²à¸‡ "à¸¡à¸™à¸•à¹Œ à¸™à¸¡à¸ªà¸”" à¹à¸šà¸¡à¹€à¸­à¸‡à¸à¹‡à¹€à¸Šà¹ˆà¸™à¸à¸±à¸™à¸„à¹ˆà¸° à¸™à¸µà¹ˆà¹„à¸¡à¹ˆà¹ƒà¸Šà¹ˆà¸à¸²à¸£à¸—à¸²à¸™à¸¡à¸™à¸•à¹Œà¸™à¸¡à¸ªà¸”à¸„à¸£à¸±à¹‰à¸‡à¹à¸£à¸à¸‚à¸­à¸‡à¹à¸šà¸¡ à¹à¸•à¹ˆ!!! à¹€à¸›à¹‡à¸™à¸„à¸£à¸±à¹‰à¸‡à¹à¸£à¸à¸—à¸µà¹ˆà¹à¸šà¸¡à¸¥à¸­à¸‡à¸—à¸²à¸™à¸—à¸¸à¸à¸«à¸™à¹‰à¸² à¸—à¸±à¹‰à¸‡à¸«à¸¡à¸” 9 à¸«à¸™à¹‰à¸² (à¹à¸„à¸¥à¸­à¸£à¸µà¹ˆà¸žà¸¸à¹ˆà¸‡à¸­à¸µà¸à¹à¸¥à¹‰à¸§ à¹à¸®à¹ˆ 55555) à¸–à¹‰à¸²à¸žà¸£à¹‰à¸­à¸¡à¹à¸¥à¹‰à¸§à¸à¹‡à¸•à¸²à¸¡à¸¡à¸²à¸Šà¸¡à¸à¸±à¸™à¹€à¸¥à¸¢à¸„à¹ˆà¸²<br />\r\n<br />\r\nà¹€à¸à¸£à¸´à¹ˆà¸™à¸–à¸¶à¸‡à¸£à¹‰à¸²à¸™à¸¡à¸™à¸•à¹Œà¸™à¸¡à¸ªà¸”à¸ªà¸±à¸à¸«à¸™à¹ˆà¸­à¸¢à¸™à¸°à¸„à¸° à¸£à¹‰à¸²à¸™à¸™à¸µà¹‰à¸žà¹ˆà¸­à¹à¸¡à¹ˆà¹à¸šà¸¡à¸—à¸²à¸™à¸•à¸±à¹‰à¸‡à¹à¸•à¹ˆà¸ªà¸¡à¸±à¸¢à¸¢à¸±à¸‡à¸«à¸™à¸¸à¹ˆà¸¡à¸ªà¸²à¸§à¹€à¸¥à¸¢à¸„à¹ˆà¸° à¸žà¹ˆà¸­à¹à¸¡à¹ˆà¹€à¸¥à¹ˆà¸²à¹ƒà¸«à¹‰à¸Ÿà¸±à¸‡à¸§à¹ˆà¸²à¹€à¸¡à¸·à¹ˆà¸­à¸à¹ˆà¸­à¸™à¹€à¸›à¹‡à¸™à¸£à¸–à¹€à¸‚à¹‡à¸™à¹€à¸¥à¹‡à¸à¹† à¹„à¸¡à¹ˆà¹„à¸”à¹‰à¹€à¸›à¹‡à¸™à¸£à¹‰à¸²à¸™à¹ƒà¸«à¸à¹ˆà¹‚à¸•à¹à¸¥à¸°à¸¡à¸µà¸«à¸¥à¸²à¸¢à¸ªà¸²à¸‚à¸²à¹à¸šà¸šà¸ªà¸¡à¸±à¸¢à¸™à¸µà¹‰à¸„à¹ˆà¸° à¸ªà¸²à¸‚à¸²à¸—à¸µà¹ˆà¹à¸šà¸¡à¹„à¸›à¸§à¸±à¸™à¸™à¸µà¹‰à¸à¹‡à¸„à¸·à¸­ à¸ªà¸²à¸‚à¸²à¸­à¸­à¸£à¸´à¸ˆà¸´à¸™à¸±à¸¥à¸‚à¸­à¸‡à¸—à¸µà¹ˆà¸™à¸µà¹ˆà¹€à¸¥à¸¢à¸„à¹ˆà¸° à¸ªà¸²à¸‚à¸² à¸«à¸™à¹‰à¸²à¸¨à¸²à¸¥à¸²à¸§à¹ˆà¸²à¸à¸²à¸£ à¸à¸—à¸¡. à¸•à¸£à¸‡à¸–à¸™à¸™à¸”à¸´à¸™à¸ªà¸­à¸™à¸±à¹ˆà¸™à¹€à¸­à¸‡à¸„à¹ˆà¸² (à¹€à¸›à¸´à¸”à¸šà¸£à¸´à¸à¸²à¸£à¸—à¸¸à¸à¸§à¸±à¸™ : 14.00 à¸™. - 23.00 à¸™.) à¹à¸šà¸¡à¸¡à¸²à¸–à¸¶à¸‡à¸›à¸£à¸°à¸¡à¸²à¸“ 4 à¹‚à¸¡à¸‡à¹€à¸¢à¹‡à¸™ à¸„à¸™à¹€à¸¢à¸­à¸°à¹€à¸«à¸¡à¸·à¸­à¸™à¹€à¸”à¸´à¸¡à¸„à¹ˆà¸° 5555555 à¹à¸•à¹ˆà¹„à¸¡à¹ˆà¹€à¸„à¸¢à¸£à¸­à¸™à¸²à¸™ à¸—à¸µà¹ˆà¸™à¸µà¹ˆà¹€à¸„à¹‰à¸²à¸—à¸³à¹€à¸£à¹‡à¸§à¸¡à¸²à¸à¸‚à¸­à¸šà¸­à¸<br />\r\n<br />\r\nà¸¡à¸²à¹€à¸£à¸´à¹ˆà¸¡à¸à¸±à¸™à¸—à¸µà¹ˆà¸•à¸±à¸§à¸‚à¸™à¸¡à¸›à¸±à¸‡à¸›à¸´à¹‰à¸‡à¹€à¸¥à¸¢à¸™à¸°à¸„à¸° à¹à¸šà¸¡à¸Šà¸­à¸šà¸‚à¸™à¸¡à¸›à¸±à¸‡à¸›à¸´à¹‰à¸‡à¸‚à¸­à¸‡à¸—à¸µà¹ˆà¸™à¸µà¹ˆà¸¡à¸²à¸à¸„à¹ˆà¸° à¸•à¸±à¸§à¸‚à¸™à¸¡à¸›à¸±à¸‡à¸à¸£à¸­à¸šà¸™à¸¸à¹ˆà¸¡à¸à¸³à¸¥à¸±à¸‡à¸”à¸µ à¸—à¸²à¹€à¸™à¸¢à¸«à¸­à¸¡à¹† à¹€à¸ªà¸´à¸£à¹Œà¸Ÿà¹à¸šà¸šà¸­à¸¸à¹ˆà¸™à¹† à¸—à¸´à¹‰à¸‡à¹„à¸§à¹‰à¸ªà¸±à¸à¸žà¸±à¸à¸à¹‡à¸¢à¸±à¸‡à¹„à¸¡à¹ˆà¹€à¸«à¸™à¸µà¸¢à¸§à¸„à¹ˆà¸° à¸–à¸·à¸­à¸§à¹ˆà¸²à¸—à¸³à¹„à¸”à¹‰à¸”à¸µà¸¡à¸²à¸à¹à¸¥à¸°à¹„à¸¡à¹ˆà¸¡à¸µà¹ƒà¸„à¸£à¹€à¸«à¸¡à¸·à¸­à¸™à¹€à¸¥à¸¢à¸„à¹ˆà¸° à¸Šà¸­à¸šà¸¡à¸²à¸à¹†à¹€à¸¥à¸¢<br />\r\n<br />\r\nà¸•à¹ˆà¸­à¹„à¸›à¸ˆà¸°à¹€à¸£à¸´à¹ˆà¸¡à¸£à¸µà¸§à¸´à¸§à¸—à¸µà¸¥à¸°à¸«à¸™à¹‰à¸²à¹à¸¥à¹‰à¸§à¸™à¸°à¸„à¸° à¸•à¸²à¸¡à¸¡à¸²à¹€à¸¥à¸¢à¸„à¹ˆà¸²<br />\r\n1. à¹€à¸™à¸¢à¸ªà¸±à¸‡à¸‚à¸¢à¸²à¹ƒà¸šà¹€à¸•à¸¢ 20.-<br />\r\n<img class="responsive-img" src = "http://f.ptcdn.info/961/041/000/o5xtajma6oA5SsAt7Ut-o.jpg"><br />\r\nà¸£à¸ªà¸™à¸µà¹‰à¸–à¸·à¸­à¹€à¸›à¹‡à¸™à¸‹à¸´à¸à¹€à¸™à¹€à¸ˆà¸­à¸£à¹Œà¸‚à¸­à¸‡à¸£à¹‰à¸²à¸™à¸¡à¸™à¸•à¹Œà¸™à¸¡à¸ªà¸”à¹€à¸¥à¸¢à¸„à¹ˆà¸° à¹€à¸«à¹‡à¸™à¸ªà¸±à¹ˆà¸‡à¸à¸±à¸™à¹à¸—à¸šà¸—à¸¸à¸à¹‚à¸•à¹Šà¸° 555555 à¹€à¸Šà¸·à¹ˆà¸­à¸§à¹ˆà¸²à¸—à¸¸à¸à¸„à¸™à¸—à¸µà¹ˆà¹€à¸„à¸¢à¸à¸´à¸™à¸¡à¸™à¸•à¹Œà¸™à¸¡à¸ªà¸” à¸•à¹‰à¸­à¸‡à¹€à¸„à¸¢à¸à¸´à¸™à¸«à¸™à¹‰à¸²à¸ªà¸±à¸‡à¸‚à¸¢à¸²à¹à¸™à¹ˆà¹† à¸Šà¸­à¸šà¸ªà¸±à¸‡à¸‚à¸¢à¸²à¸‚à¸­à¸‡à¸—à¸µà¹ˆà¸™à¸µà¹ˆà¸™à¸°à¸„à¸° à¹€à¸™à¸·à¹‰à¸­à¹€à¸™à¸µà¸¢à¸™à¸™à¸¸à¹ˆà¸¡ à¸à¸¥à¸´à¹ˆà¸™à¸«à¸­à¸¡à¹ƒà¸šà¹€à¸•à¸¢ à¸£à¸ªà¸Šà¸²à¸•à¸´à¸«à¸§à¸²à¸™à¸à¸³à¸¥à¸±à¸‡à¸”à¸µ à¹„à¸¡à¹ˆà¹à¸ªà¸šà¸„à¸­<br />\r\n<br />\r\n2. à¹€à¸™à¸¢à¸ªà¸±à¸‡à¸‚à¸¢à¸²à¹„à¸‚à¹ˆ 20.-<br />\r\n<img class="responsive-img" src = "http://f.ptcdn.info/961/041/000/o5xtftxsf961ZJP0F9P-o.jpg"><br />\r\n<br />\r\n<br />\r\n<blockquote><h5>" CREDIT: <a href="http://m.pantip.com/topic/35060607">Link</a> "</h5></blockquote>', 'imgs/o5xswpo02bGnKUoiHMP-o.jpg', '2016-04-22 12:24:14', NULL),
(16, 4, 4, '[CR]à¹„à¸›à¹€à¸§à¸µà¸¢à¸”à¸™à¸²à¸¡à¸‹à¸·à¹‰à¸­à¸­à¸°à¹„à¸£à¸”à¸µ? à¸¡à¸²à¸ªà¹ˆà¸­à¸‡à¸‚à¸­à¸‡à¸à¸²à¸à¸™à¹ˆà¸²à¸‹à¸·à¹‰à¸­à¸—à¸µà¹ˆà¹€à¸§à¸µà¸¢à¸”à¸™à¸²à¸¡à¸à¸±à¸™!', 'à¸ªà¸§à¸±à¸ªà¸”à¸µà¸•à¸­à¸™à¸”à¸¶à¸à¸¡à¸²à¸à¹†à¹†à¹†à¸™à¸°à¸„à¸°à¹€à¸žà¸·à¹ˆà¸­à¸™à¹†à¸Šà¸²à¸§à¸žà¸±à¸™à¸—à¸´à¸› à¸žà¸­à¸”à¸µà¹€à¸žà¸´à¹ˆà¸‡à¸¥à¸‡à¹€à¸„à¸£à¸·à¹ˆà¸­à¸‡à¸¡à¸²à¹€à¸¡à¸·à¹ˆà¸­à¸•à¸­à¸™ 5 à¸—à¸¸à¹ˆà¸¡ à¸ªà¸”à¹†à¸£à¹‰à¸­à¸™à¹†à¹€à¸¥à¸¢ à¹€à¸žà¸´à¹ˆà¸‡à¸ˆà¸°à¹€à¸„à¸¥à¸µà¸¢à¸‚à¸­à¸‡à¹€à¸ªà¸£à¹‡à¸ˆ à¸¢à¸±à¸‡à¸¡à¸µà¹„à¸Ÿà¸­à¸¢à¸¹à¹ˆà¹€à¸¥à¸¢à¸¡à¸²à¸—à¸³à¸à¸£à¸°à¸—à¸¹à¹‰à¸‹à¸°à¸«à¸™à¹ˆà¸­à¸¢ à¸­à¸µà¸à¸­à¸¢à¹ˆà¸²à¸‡ à¸–à¹‰à¸²à¸›à¸¥à¹ˆà¸­à¸¢à¹„à¸§à¹‰à¸™à¸²à¸™à¹€à¸£à¸²à¸à¸¥à¸±à¸§à¸ˆà¸°à¸¥à¸·à¸¡à¸”à¹‰à¸§à¸¢5555 <br />\r\n<br />\r\nà¸‚à¸­à¸žà¸¹à¸”à¹€à¸¥à¸¢à¸§à¹ˆà¸²à¸à¹ˆà¸­à¸™à¹„à¸›à¹€à¸—à¸µà¹ˆà¸¢à¸§à¹€à¸§à¸µà¸¢à¸”à¸™à¸²à¸¡ (à¹€à¸£à¸²à¹„à¸›à¹‚à¸®à¸ˆà¸´à¸¡à¸´à¸™à¸«à¹Œà¸¡à¸²à¸™à¸°à¸„à¸°) à¹€à¸£à¸²à¸•à¸¶à¸šà¸¡à¸²à¸ à¹„à¸¡à¹ˆà¸£à¸¹à¹‰à¸ˆà¸°à¸‹à¸·à¹‰à¸­à¸­à¸°à¹„à¸£à¹€à¸›à¹‡à¸™à¸‚à¸­à¸‡à¸à¸²à¸à¸”à¸µ à¸žà¸¢à¸²à¸¢à¸²à¸¡à¸«à¸²à¹ƒà¸™à¹€à¸™à¸—à¹à¸¥à¹‰à¸§à¸™à¸°à¸„à¸° à¹à¸•à¹ˆà¸¡à¸±à¸™à¸à¹‡à¹„à¸¡à¹ˆà¸„à¹ˆà¸­à¸¢à¸¡à¸µà¸­à¸°à¹„à¸£à¹€à¸—à¹ˆà¸²à¹„à¸«à¸£à¹ˆà¹€à¸¥à¸¢ à¸žà¸­à¸„à¸£à¸±à¹‰à¸‡à¸™à¸µà¹‰à¸—à¸µà¹ˆà¹€à¸£à¸²à¹„à¸› à¹€à¸¥à¸¢à¸„à¸´à¸”à¸§à¹ˆà¸²à¸ˆà¸°à¹€à¸­à¸²à¸žà¸§à¸à¸‚à¸­à¸‡à¸à¸²à¸à¸—à¸µà¹ˆà¹€à¸£à¸²à¸‹à¸·à¹‰à¸­à¸¡à¸² à¸¡à¸²à¸¥à¸‡à¹ƒà¸«à¹‰à¸”à¸¹à¸à¸±à¸™à¸«à¸™à¹ˆà¸­à¸¢à¸”à¸µà¸à¸§à¹ˆà¸² à¹€à¸œà¸·à¹ˆà¸­à¸ˆà¸°à¹€à¸›à¹‡à¸™à¹à¸™à¸§à¸—à¸²à¸‡à¹ƒà¸«à¹‰à¸«à¸¥à¸²à¸¢à¹†à¸„à¸™à¸—à¸µà¹ˆà¸ˆà¸°à¹„à¸›à¹€à¸—à¸µà¹ˆà¸¢à¸§à¹€à¸§à¸µà¸¢à¸”à¸™à¸²à¸¡à¹€à¸™à¸­à¸° <br />\r\n<br />\r\n<img class="responsive-img" src = "http://f.ptcdn.info/060/042/000/o63rdex3rR1QtOYTJNk-o.jpg"><br />\r\n<blockquote><h5>" http://m.pantip.com/topic/35073967 "</h5></blockquote><br />\r\n', 'imgs/o63rdex3rR1QtOYTJNk-o.jpg', '2016-04-24 03:51:01', NULL),
(17, 4, 4, '[CR]à¸„à¸£à¸±à¹‰à¸‡à¹à¸£à¸à¸à¸±à¸š Malaysia Airlines à¸šà¸™ Business Class à¹„à¸› Auckland, NZ (à¸žà¸£à¹‰à¸­à¸¡ à¸£à¸µà¸§à¸´à¸§ Sama Sama Express à¸—à¸µà¹ˆ KLIA)', 'à¸«à¸¥à¸±à¸‡à¸ˆà¸²à¸à¸—à¸µà¹ˆà¹„à¸”à¹‰à¸¡à¸µà¹‚à¸­à¸à¸²à¸ªà¸—à¸³à¸£à¸µà¸§à¸´à¸§ First Class à¸‚à¸­à¸‡ Emirates à¸à¸¥à¸±à¸šà¸ˆà¸²à¸à¸¥à¸­à¸™à¸”à¸­à¸™ (http://pantip.com/topic/33111420 - [CR]à¸„à¸£à¸±à¹‰à¸‡à¹à¸£à¸à¹ƒà¸™à¸Šà¸µà¸§à¸´à¸• à¸à¸±à¸š FIRST CLASS à¸šà¸™à¸ªà¸²à¸¢à¸à¸²à¸£à¸šà¸´à¸™ EMIRATES à¸à¸¥à¸±à¸šà¸ˆà¸²à¸à¸¥à¸­à¸™à¸”à¸­à¸™ (à¹à¸§à¸°à¸”à¸¹à¹„à¸š))<br />\r\nà¹à¸¥à¹‰à¸§à¸¡à¸µà¸„à¸§à¸²à¸¡à¸£à¸¹à¹‰à¸ªà¸¶à¸à¸ªà¸™à¸¸à¸à¸à¸±à¸šà¸à¸²à¸£à¸—à¸³à¸£à¸µà¸§à¸´à¸§à¹€à¸¥à¸¢à¸¥à¸­à¸‡à¸à¸¥à¸±à¸šà¸¡à¸²à¸—à¸³à¸­à¸µà¸à¸„à¸£à¸±à¹‰à¸‡à¸„à¸£à¸±à¸š à¸£à¸°à¸«à¸§à¹ˆà¸²à¸‡à¸™à¸±à¹‰à¸™à¸à¹‡à¹„à¸”à¹‰à¸¡à¸µà¹‚à¸­à¸à¸²à¸ªà¹€à¸”à¸´à¸™à¸—à¸²à¸‡à¹„à¸›à¸«à¸¥à¸²à¸¢à¸—à¸µà¹ˆà¹à¸•à¹ˆà¸à¹‡à¹€à¸›à¹‡à¸™ Route à¸—à¸µà¹ˆà¸¡à¸µà¸„à¸™à¸—à¸³à¸£à¸µà¸§à¸´à¸§à¸„à¹ˆà¸­à¸™à¸‚à¹‰à¸²à¸‡à¹€à¸¢à¸­à¸°à¹à¸¥à¹‰à¸§ <br />\r\nà¸•à¸±à¸§à¸­à¸¢à¹ˆà¸²à¸‡à¸¡à¸·à¹‰à¸­à¸­à¸²à¸«à¸²à¸£à¸Šà¹ˆà¸§à¸‡à¸£à¸¹à¸— KUL-AKL à¸ªà¸¸à¸”à¸¢à¸­à¸”à¸„à¸£à¸±à¸š<br />\r\n<br />\r\n<img class="responsive-img" src = "http://f.ptcdn.info/059/042/000/o63n6f9efvMm1EC6sNR-o.jpg"><br />\r\n<br />\r\n<img class="responsive-img" src = "http://f.ptcdn.info/040/042/000/o62vhsg0ortpxaiBF7G-o.png"><br />\r\n<br />\r\n<blockquote><h5>" http://m.pantip.com/topic/35073598 "</h5></blockquote>', 'imgs/o63n6f9efvMm1EC6sNR-o.jpg', '2016-04-24 03:59:57', NULL),
(18, 5, 3, 'à¸£à¹‰à¸²à¸™ Secret wild à¸™à¸„à¸£à¸›à¸à¸¡ à¸„à¸£à¸±à¹‰à¸‡à¹à¸£à¸à¹à¸¥à¸°à¸„à¸£à¸±à¹‰à¸‡à¹€à¸”à¸µà¸¢à¸§ à¹€à¸—à¹ˆà¸²à¸™à¸±à¹‰à¸™! à¹€à¸žà¸´à¹ˆà¸‡à¹€à¸ˆà¸­à¸­à¸°à¹„à¸£à¹à¸šà¸šà¸™à¸µà¹‰à¸à¸±à¸šà¸•à¸±à¸§à¸„à¸£à¸±à¹‰à¸‡à¹à¸£à¸à¹ƒà¸™à¸Šà¸µà¸§à¸´à¸•', 'à¹€à¸«à¸•à¸¸à¸à¸²à¸£à¸“à¹Œ à¹€à¸žà¸´à¹ˆà¸‡à¹€à¸à¸´à¸”à¹€à¸¡à¸·à¹ˆà¸­à¸„à¸·à¸™à¸ªà¸”à¹†à¸£à¹‰à¸­à¸™à¹†à¸„à¸£à¸±à¸š<br />\r\n<br />\r\nà¸žà¸­à¸”à¸µà¸œà¸¡à¸à¸±à¸šà¹€à¸žà¸·à¹ˆà¸­à¸™à¹†à¸ˆà¸šà¸ˆà¸²à¸ à¸¨à¸´à¸¥à¸›à¸²à¸à¸£ à¸—à¸±à¸šà¹à¸à¹‰à¸§à¸„à¸£à¸±à¸š<br />\r\nà¸›à¸à¸•à¸´à¹à¸¥à¹‰à¸§à¹€à¸£à¸²à¸ˆà¸°à¸Šà¸­à¸šà¸™à¸±à¸”à¸«à¸²à¸£à¹‰à¸²à¸™à¸™à¸±à¹ˆà¸‡à¸à¸±à¸™à¹à¸–à¸§à¹† à¸¡.<br />\r\nà¸‹à¸¶à¸‡à¸›à¸à¸•à¸´à¹à¸¥à¹‰à¸§à¹€à¸£à¸²à¸ˆà¸°à¸Šà¸­à¸šà¸™à¸±à¹ˆà¸‡à¸£à¹‰à¸²à¸™ "Swing à¸à¸¥à¸´à¹‰à¸‡" à¸«à¸£à¸·à¸­à¹„à¸¡à¹ˆà¸à¹‡ "à¹€à¸£à¹‚à¸—à¸£" à¸¡à¸²à¸à¸à¸§à¹ˆà¸²<br />\r\nà¹à¸•à¹ˆà¹€à¸¡à¸·à¹ˆà¸­à¸„à¸·à¸™à¸£à¹‰à¸²à¸™ Swing à¸à¸¥à¸´à¹‰à¸‡à¸„à¸™à¹€à¸¢à¸­à¸°à¸¡à¸²à¸à¸à¸à¸ à¹„à¸¡à¹ˆà¸£à¸¹à¹‰à¸§à¹ˆà¸²à¹€à¸à¸´à¸”à¸­à¸°à¹„à¸£à¸‚à¸¶à¹‰à¸™<br />\r\nà¸à¹‡à¹€à¸¥à¸¢à¸¥à¸­à¸‡à¹†à¸«à¸²à¸£à¹‰à¸²à¸™à¸™à¸±à¹ˆà¸‡à¹ƒà¸«à¸¡à¹ˆà¸”à¸¹à¸à¸°à¸§à¹ˆà¸²à¸™à¸±à¹ˆà¸‡à¹à¸›à¹Šà¸šà¹†à¹à¸¥à¹‰à¸§à¸à¸¥à¸±à¸šà¸šà¹‰à¸²à¸™à¹€à¸¥à¸¢à¹€à¸žà¸²à¸°à¸•à¸­à¸™à¸™à¸±à¹‰à¸™à¸«à¹‰à¸²à¸—à¸¸à¹ˆà¸¡à¸à¸§à¹ˆà¸²à¹†à¹à¸¥à¹‰à¸§à¸„à¸£à¸±à¸š à¸§à¸™à¹„à¸›à¸§à¸™à¸¡à¸²à¸«à¸²à¸£à¹‰à¸²à¸™ à¸­à¸¢à¸¹à¹ˆà¸”à¸µà¹†à¹€à¸žà¸·à¹ˆà¸­à¸™à¸à¹‡à¹ƒà¸«à¹‰à¹€à¸¥à¸µà¹‰à¸¢à¸§à¹„à¸›à¸‹à¸­à¸¢à¸£à¹‰à¸²à¸™à¸¢à¸²à¸”à¸­à¸‡à¸—à¸µà¹ˆà¹€à¸„à¸¢à¹€à¸›à¹‡à¸™à¸§à¸µà¸£à¸à¸£à¸£à¸¡à¸‚à¸­à¸‡à¸¡à¸±à¸™à¸§à¹ˆà¸²à¸¢à¸±à¸‡à¸­à¸¢à¸¹à¹ˆà¸¡à¸±à¹Šà¸¢ à¸žà¸­à¸œà¹ˆà¸²à¸™à¹€à¸ªà¸£à¹‡à¸ˆà¸‚à¸±à¸šà¹€à¸‚à¹‰à¸²à¹„à¸›à¸à¹‡à¸¡à¸µà¸£à¹‰à¸²à¸™à¸™à¸¶à¸‡à¹€à¸›à¸´à¸”à¸­à¸¢à¸¹à¹ˆ à¸šà¸£à¸£à¸¢à¸²à¸à¸²à¸¨à¸„à¹ˆà¸­à¸™à¸‚à¹‰à¸²à¸‡à¸”à¸µà¸™à¹ˆà¸²à¸™à¸±à¹ˆà¸‡ à¸à¹‡à¹€à¸¥à¸¢à¸•à¸à¸¥à¸‡à¹„à¸›à¸™à¸±à¹ˆà¸‡à¸£à¹‰à¸²à¸™à¸™à¸µà¹‰à¸à¸±à¸™<br />\r\n<img class="responsive-img" src = "http://f.ptcdn.info/037/042/000/o62s5g32gU1MYaF5EkW-o.jpg"><br />\r\nà¸ˆà¸²à¸à¸™à¸±à¹‰à¸™à¹€à¸«à¸•à¸¸à¸à¸²à¸£à¸à¹‡à¹€à¸£à¸´à¹ˆà¸¡à¹€à¸à¸´à¸”à¸‚à¸¶à¹‰à¸™à¸„à¸£à¸±à¸š<br />\r\n          à¸•à¸­à¸™à¹€à¸‚à¹‰à¸²à¸¡à¸²à¸—à¸µà¹ˆà¸£à¹‰à¸²à¸™à¸à¹‡à¹„à¸¡à¹ˆà¹„à¸”à¹‰à¸¡à¸µà¹ƒà¸„à¸£à¸¡à¸²à¸•à¹‰à¸­à¸™à¸£à¸±à¸šà¸™à¸°à¸„à¸£à¸±à¸š à¹à¸•à¹ˆà¸à¹‡à¹„à¸¡à¹ˆà¹„à¸”à¹‰à¸„à¸´à¸”à¸­à¸°à¹„à¸£à¹€à¸‚à¹‰à¸²à¹„à¸›à¸«à¸²à¹‚à¸•à¹Šà¸°à¸™à¸±à¹ˆà¸‡à¸à¸±à¸™à¹€à¸­à¸‡<br />\r\n<br />\r\n          à¸ˆà¸²à¸à¸™à¸±à¹‰à¸™ à¸à¹‡à¸¡à¸µà¸™à¹‰à¸­à¸‡ à¸žà¸™à¸‡.à¸«à¸à¸´à¸‡(à¸­à¸§à¸š) à¹€à¸­à¸²à¹€à¸¡à¸™à¸¹à¸¡à¸²à¸§à¸²à¸‡à¹à¸¥à¹‰à¸§à¸à¹‡à¹à¸ˆà¹‰à¸‡à¸§à¹ˆà¸² à¸„à¸£à¸±à¸§à¸›à¸´à¸” "à¸«à¹‰à¸²à¸—à¸¸à¹ˆà¸¡à¸„à¸£à¸¶à¹ˆà¸‡" à¹à¸¥à¹‰à¸§à¹€à¸£à¸²à¸à¹‡à¸–à¸²à¸¡à¹€à¸žà¸´à¹ˆà¸¡à¹€à¸•à¸´à¸¡à¸§à¹ˆà¸²à¸£à¹‰à¸²à¸™à¸›à¸´à¸”à¸à¸µà¹ˆà¹‚à¸¡à¸‡ à¸™à¸²à¸‡à¸šà¸­à¸à¹€à¸—à¸µà¹ˆà¸¢à¸‡à¸„à¸·à¸™ à¸‹à¸¶à¹ˆà¸‡à¸‚à¸“à¸°à¸™à¸±à¹‰à¸™à¹€à¸§à¸¥à¸² "23.20 à¸™." à¹€à¸£à¸²à¸à¸³à¸¥à¸±à¸‡à¸ˆà¸°à¸­à¹‰à¸²à¸›à¸²à¸à¸ªà¸±à¹ˆà¸‡ à¸™à¸²à¸‡à¸à¹‡à¸ªà¸°à¸šà¸±à¸”à¸à¹‰à¸™à¹€à¸”à¸´à¸™à¸«à¸™à¸µà¹„à¸›à¹à¸¥à¹‰à¸§à¹„à¸¡à¹ˆà¹„à¸”à¹‰à¸¢à¸·à¸™à¸£à¸­à¸£à¸±à¸šà¸­à¸­à¹€à¸”à¸­à¸£à¹Œà¹€à¸¥à¸¢à¸—à¸±à¸™à¸—à¸µ<br />\r\n<br />\r\n          à¹€à¸£à¸²à¸à¹‡à¸žà¸¢à¸²à¸¢à¸²à¸¡à¸Šà¸°à¹€à¸‡à¹‰à¸­ à¸«à¸²à¸™à¹‰à¸­à¸‡ à¸žà¸™à¸‡.à¸¡à¸²à¸£à¸±à¸šà¸­à¸­à¹€à¸”à¸­à¸£à¹Œ à¸ˆà¸™à¹€à¸§à¸¥à¸² "23.30" à¸žà¸§à¸à¹€à¸£à¸²à¸à¹‡à¹€à¸¥à¸¢à¸•à¸±à¸”à¸ªà¸´à¸™à¹ƒà¸ˆà¸ªà¹ˆà¸‡à¹€à¸ªà¸µà¸¢à¸‡à¹€à¸£à¸µà¸¢à¸à¸™à¹‰à¸­à¸‡à¸žà¸™à¸±à¸à¸‡à¸²à¸™à¸žà¸£à¹‰à¸­à¸¡à¸¢à¸à¸¡à¸·à¸­à¸ªà¸¹à¸‡à¹† à¹€à¸žà¸·à¹ˆà¸­à¹ƒà¸«à¹‰ à¸žà¸™à¸‡.à¸¡à¸²à¸£à¸±à¸š à¸­à¸­à¹€à¸”à¸­à¸£à¹Œà¸•à¹‰à¸­à¸‡à¸Šà¸°à¹€à¸‡à¹‰à¸­à¸„à¸­à¸£à¸­à¸„à¸™à¸¡à¸²à¸£à¸±à¸šà¸­à¸­à¹€à¸”à¸­à¸£à¹Œ à¸ªà¸¸à¸”à¸—à¹‰à¸²à¸¢à¸•à¹‰à¸­à¸‡à¹€à¸£à¸µà¸¢à¸à¸¡à¸²à¸£à¸±à¸šà¸­à¸­à¹€à¸”à¸­à¸£à¹Œà¹€à¸­à¸‡ à¸à¸§à¹ˆà¸²à¸ˆà¸°à¹€à¸£à¸µà¸¢à¸à¹„à¸”à¹‰ à¸„à¸·à¸­à¸¢à¸²à¸à¸¡à¸²à¸à¸„à¸£à¸±à¸š<br />\r\n<br />\r\n          à¸ˆà¸²à¸à¸™à¸±à¹‰à¸™à¸™à¹‰à¸­à¸‡à¸žà¸™à¸‡.à¸«à¸à¸´à¸‡(à¸­à¸§à¸š)à¸„à¸™à¸™à¸±à¹‰à¸™à¸à¹‡à¹€à¸”à¸´à¸™à¸¡à¸²à¸£à¸±à¸šà¸­à¸­à¹€à¸”à¸­à¸£à¹Œ à¸‹à¸¶à¹ˆà¸‡à¹ƒà¸™à¸¡à¸·à¸­à¸œà¸¡à¸–à¸·à¸­à¹€à¸¡à¸™à¸¹à¸‚à¸™à¸²à¸” A3 à¹€à¸„à¸¥à¸·à¸­à¸šà¹ƒà¸ªà¸¡à¸² à¹à¸•à¹ˆà¹€à¸¡à¸™à¸¹à¸¡à¸µà¸à¸²à¸£à¸žà¸±à¸šà¸„à¸£à¸¶à¹ˆà¸‡à¸­à¸¢à¸¹à¹ˆà¹à¸¥à¹‰à¸§ à¸œà¸¡à¸à¹‡à¹€à¸¥à¸¢à¸–à¸·à¸­à¸•à¸²à¸¡à¸£à¸­à¸¢à¸žà¸±à¸š à¸™à¹‰à¸­à¸‡à¸žà¸™à¸‡.à¹à¸ˆà¹‰à¸‡à¸¥à¸¹à¸à¸„à¹‰à¸²à¸”à¹‰à¸§à¸¢à¸™à¹‰à¸³à¹€à¸ªà¸µà¸¢à¸‡à¸—à¸µà¹ˆà¹à¸¢à¹ˆà¸¡à¸²à¸(à¹„à¸£à¹‰à¸«à¸²à¸‡à¹€à¸ªà¸µà¸¢à¸‡à¸”à¹‰à¸§à¸¢) "à¸­à¸¢à¹ˆà¸²à¸žà¸±à¸šà¹€à¸¡à¸™à¸¹!" à¸œà¸¡à¸•à¸à¹ƒà¸ˆà¸ˆà¸™à¸•à¹‰à¸­à¸‡à¸£à¸µà¸šà¸‚à¸­à¹‚à¸—à¸© <br />\r\n<br />\r\n<blockquote><h5>" http://m.pantip.com/topic/35071559 "</h5></blockquote>', 'imgs/o62s5g32gU1MYaF5EkW-o.jpg', '2016-04-24 04:05:06', NULL);

--
-- Indexes for dumped tables
--

--
-- Indexes for table `Comments`
--
ALTER TABLE `Comments`
  ADD PRIMARY KEY (`Comment_ID`),
  ADD KEY `Review_ID` (`Review_ID`),
  ADD KEY `Comment_auther` (`Comment_auther`);

--
-- Indexes for table `DEL_COMM_Request`
--
ALTER TABLE `DEL_COMM_Request`
  ADD KEY `Request_ID` (`Request_ID`),
  ADD KEY `Comment_ID` (`Comment_ID`);

--
-- Indexes for table `DEL_MEM_Request`
--
ALTER TABLE `DEL_MEM_Request`
  ADD KEY `Request_ID` (`Request_ID`),
  ADD KEY `Member_ID` (`Member_ID`);

--
-- Indexes for table `DEL_REVIEW_Request`
--
ALTER TABLE `DEL_REVIEW_Request`
  ADD KEY `Request_ID` (`Request_ID`),
  ADD KEY `Review_ID` (`Review_ID`);

--
-- Indexes for table `Members`
--
ALTER TABLE `Members`
  ADD PRIMARY KEY (`ID`);

--
-- Indexes for table `Requests`
--
ALTER TABLE `Requests`
  ADD PRIMARY KEY (`Request_ID`),
  ADD KEY `Member_ID` (`Member_ID`),
  ADD KEY `Admin_ID` (`Admin_ID`);

--
-- Indexes for table `Reviews`
--
ALTER TABLE `Reviews`
  ADD PRIMARY KEY (`ID`),
  ADD KEY `Auther_ID` (`Auther_ID`);

--
-- AUTO_INCREMENT for dumped tables
--

--
-- AUTO_INCREMENT for table `Comments`
--
ALTER TABLE `Comments`
  MODIFY `Comment_ID` int(11) NOT NULL AUTO_INCREMENT, AUTO_INCREMENT=48;
--
-- AUTO_INCREMENT for table `Members`
--
ALTER TABLE `Members`
  MODIFY `ID` int(11) NOT NULL AUTO_INCREMENT, AUTO_INCREMENT=7;
--
-- AUTO_INCREMENT for table `Requests`
--
ALTER TABLE `Requests`
  MODIFY `Request_ID` int(11) NOT NULL AUTO_INCREMENT, AUTO_INCREMENT=26;
--
-- AUTO_INCREMENT for table `Reviews`
--
ALTER TABLE `Reviews`
  MODIFY `ID` int(11) NOT NULL AUTO_INCREMENT, AUTO_INCREMENT=19;
--
-- Constraints for dumped tables
--

--
-- Constraints for table `Comments`
--
ALTER TABLE `Comments`
  ADD CONSTRAINT `Comments_ibfk_1` FOREIGN KEY (`Review_ID`) REFERENCES `Reviews` (`ID`) ON DELETE CASCADE,
  ADD CONSTRAINT `Comments_ibfk_2` FOREIGN KEY (`Comment_auther`) REFERENCES `Members` (`ID`) ON DELETE SET NULL;

--
-- Constraints for table `DEL_COMM_Request`
--
ALTER TABLE `DEL_COMM_Request`
  ADD CONSTRAINT `DEL_COMM_Request_ibfk_1` FOREIGN KEY (`Request_ID`) REFERENCES `Requests` (`Request_ID`) ON DELETE CASCADE ON UPDATE CASCADE,
  ADD CONSTRAINT `DEL_COMM_Request_ibfk_2` FOREIGN KEY (`Comment_ID`) REFERENCES `Comments` (`Comment_ID`) ON DELETE SET NULL ON UPDATE SET NULL;

--
-- Constraints for table `DEL_MEM_Request`
--
ALTER TABLE `DEL_MEM_Request`
  ADD CONSTRAINT `DEL_MEM_Request_ibfk_1` FOREIGN KEY (`Request_ID`) REFERENCES `Requests` (`Request_ID`) ON DELETE CASCADE ON UPDATE CASCADE,
  ADD CONSTRAINT `DEL_MEM_Request_ibfk_2` FOREIGN KEY (`Member_ID`) REFERENCES `Members` (`ID`) ON DELETE SET NULL ON UPDATE SET NULL;

--
-- Constraints for table `DEL_REVIEW_Request`
--
ALTER TABLE `DEL_REVIEW_Request`
  ADD CONSTRAINT `DEL_REVIEW_Request_ibfk_1` FOREIGN KEY (`Request_ID`) REFERENCES `Requests` (`Request_ID`) ON DELETE CASCADE ON UPDATE CASCADE,
  ADD CONSTRAINT `DEL_REVIEW_Request_ibfk_2` FOREIGN KEY (`Review_ID`) REFERENCES `Reviews` (`ID`) ON DELETE SET NULL ON UPDATE SET NULL;

--
-- Constraints for table `Requests`
--
ALTER TABLE `Requests`
  ADD CONSTRAINT `Requests_ibfk_1` FOREIGN KEY (`Member_ID`) REFERENCES `Members` (`ID`) ON DELETE SET NULL ON UPDATE SET NULL,
  ADD CONSTRAINT `Requests_ibfk_2` FOREIGN KEY (`Admin_ID`) REFERENCES `Members` (`ID`) ON DELETE SET NULL ON UPDATE SET NULL;

--
-- Constraints for table `Reviews`
--
ALTER TABLE `Reviews`
  ADD CONSTRAINT `Reviews_ibfk_1` FOREIGN KEY (`Auther_ID`) REFERENCES `Members` (`ID`) ON DELETE SET NULL ON UPDATE SET NULL;

/*!40101 SET CHARACTER_SET_CLIENT=@OLD_CHARACTER_SET_CLIENT */;
/*!40101 SET CHARACTER_SET_RESULTS=@OLD_CHARACTER_SET_RESULTS */;
/*!40101 SET COLLATION_CONNECTION=@OLD_COLLATION_CONNECTION */;
